time,error,time
2019-01-24 00:20:00,3.0045283507632644e-07,2019-01-24 00:20:00
2019-01-24 00:21:00,5.948674114510356e-05,2019-01-24 00:21:00
2019-01-24 00:22:00,9.070280425243791e-05,2019-01-24 00:22:00
2019-01-24 00:23:00,2.0790374420156452e-05,2019-01-24 00:23:00
2019-01-24 00:24:00,3.3893743631265136e-05,2019-01-24 00:24:00
2019-01-24 00:25:00,0.00020088844809473661,2019-01-24 00:25:00
2019-01-24 00:26:00,1.0982166979612274e-05,2019-01-24 00:26:00
2019-01-24 00:27:00,0.0008851353770470685,2019-01-24 00:27:00
2019-01-24 00:28:00,0.00041668826063721815,2019-01-24 00:28:00
2019-01-24 00:29:00,3.1309062816025633e-06,2019-01-24 00:29:00
2019-01-24 00:30:00,3.9817642368430016e-05,2019-01-24 00:30:00
2019-01-24 00:31:00,0.00024056682598169263,2019-01-24 00:31:00
2019-01-24 00:32:00,8.071725229666984e-05,2019-01-24 00:32:00
2019-01-24 00:33:00,1.6514458176997773e-07,2019-01-24 00:33:00
2019-01-24 00:34:00,1.183409943449022e-07,2019-01-24 00:34:00
2019-01-24 00:35:00,9.643307138359137e-07,2019-01-24 00:35:00
2019-01-24 00:36:00,1.4522689531549411e-05,2019-01-24 00:36:00
2019-01-24 00:37:00,2.235174506324117e-06,2019-01-24 00:37:00
2019-01-24 00:38:00,1.0194017054356177e-05,2019-01-24 00:38:00
2019-01-24 00:39:00,1.1381103226451032e-06,2019-01-24 00:39:00
2019-01-24 00:40:00,1.4287527889013123e-06,2019-01-24 00:40:00
2019-01-24 00:41:00,3.438827898107423e-06,2019-01-24 00:41:00
2019-01-24 00:42:00,1.7214093927782363e-05,2019-01-24 00:42:00
2019-01-24 00:43:00,1.8629858169695334e-05,2019-01-24 00:43:00
2019-01-24 00:44:00,8.578220756841386e-06,2019-01-24 00:44:00
2019-01-24 00:45:00,1.0830325907400948e-05,2019-01-24 00:45:00
2019-01-24 00:46:00,1.3002393868625307e-06,2019-01-24 00:46:00
2019-01-24 00:47:00,2.8897044220454698e-06,2019-01-24 00:47:00
2019-01-24 00:48:00,1.631447811241367e-05,2019-01-24 00:48:00
2019-01-24 00:49:00,5.350875354394282e-06,2019-01-24 00:49:00
2019-01-24 00:50:00,1.1796591095212009e-06,2019-01-24 00:50:00
2019-01-24 00:51:00,4.989430815336196e-07,2019-01-24 00:51:00
2019-01-24 00:52:00,2.3961621868130893e-05,2019-01-24 00:52:00
2019-01-24 00:53:00,1.0364359027325153e-08,2019-01-24 00:53:00
2019-01-24 00:54:00,1.2073991574779499e-06,2019-01-24 00:54:00
2019-01-24 00:55:00,2.3082346284178088e-09,2019-01-24 00:55:00
2019-01-24 00:56:00,4.600510196122228e-06,2019-01-24 00:56:00
2019-01-24 00:57:00,3.332762501030775e-05,2019-01-24 00:57:00
2019-01-24 00:58:00,9.041104193676005e-05,2019-01-24 00:58:00
2019-01-24 00:59:00,8.922994223588199e-05,2019-01-24 00:59:00
2019-01-24 01:00:00,1.8405810997616733e-05,2019-01-24 01:00:00
2019-01-24 01:01:00,5.291828332194265e-06,2019-01-24 01:01:00
2019-01-24 01:02:00,6.917933878284334e-07,2019-01-24 01:02:00
2019-01-24 01:03:00,2.827309582305089e-05,2019-01-24 01:03:00
2019-01-24 01:04:00,6.871959470674676e-05,2019-01-24 01:04:00
2019-01-24 01:05:00,9.977805672420478e-06,2019-01-24 01:05:00
2019-01-24 01:06:00,3.4838264499190725e-07,2019-01-24 01:06:00
2019-01-24 01:07:00,2.464112343558798e-05,2019-01-24 01:07:00
2019-01-24 01:08:00,5.132253294532813e-05,2019-01-24 01:08:00
2019-01-24 01:09:00,3.3614544495470454e-05,2019-01-24 01:09:00
2019-01-24 01:10:00,4.667567820189076e-08,2019-01-24 01:10:00
2019-01-24 01:11:00,5.329163832157739e-05,2019-01-24 01:11:00
2019-01-24 01:12:00,7.886356371628541e-05,2019-01-24 01:12:00
2019-01-24 01:13:00,6.042959602519548e-05,2019-01-24 01:13:00
2019-01-24 01:14:00,2.0119497296487737e-05,2019-01-24 01:14:00
2019-01-24 01:15:00,1.024327224477956e-05,2019-01-24 01:15:00
2019-01-24 01:16:00,4.004817371729744e-05,2019-01-24 01:16:00
2019-01-24 01:17:00,3.4497702375495354e-06,2019-01-24 01:17:00
2019-01-24 01:18:00,7.630192617541705e-06,2019-01-24 01:18:00
2019-01-24 01:19:00,1.0532064906375e-05,2019-01-24 01:19:00
2019-01-24 01:20:00,1.90621512668886e-06,2019-01-24 01:20:00
2019-01-24 01:21:00,2.6116434407707223e-05,2019-01-24 01:21:00
2019-01-24 01:22:00,0.0001300879916519287,2019-01-24 01:22:00
2019-01-24 01:23:00,4.080350562081689e-05,2019-01-24 01:23:00
2019-01-24 01:24:00,0.00028593301335036784,2019-01-24 01:24:00
2019-01-24 01:25:00,1.3709349455746594e-05,2019-01-24 01:25:00
2019-01-24 01:26:00,4.269310242754504e-06,2019-01-24 01:26:00
2019-01-24 01:27:00,6.253197913055447e-08,2019-01-24 01:27:00
2019-01-24 01:28:00,7.941487377803584e-05,2019-01-24 01:28:00
2019-01-24 01:29:00,2.1561619859939507e-06,2019-01-24 01:29:00
2019-01-24 01:30:00,2.467741875378657e-07,2019-01-24 01:30:00
2019-01-24 01:31:00,5.7997969823152837e-05,2019-01-24 01:31:00
2019-01-24 01:32:00,1.1470004554867833e-07,2019-01-24 01:32:00
2019-01-24 01:33:00,7.855704067421313e-06,2019-01-24 01:33:00
2019-01-24 01:34:00,1.7649847746239256e-05,2019-01-24 01:34:00
2019-01-24 01:35:00,0.0001046764830798037,2019-01-24 01:35:00
2019-01-24 01:36:00,1.847436330006593e-05,2019-01-24 01:36:00
2019-01-24 01:37:00,1.6245018978095628e-09,2019-01-24 01:37:00
2019-01-24 01:38:00,2.1542250683334413e-05,2019-01-24 01:38:00
2019-01-24 01:39:00,8.860653384075685e-06,2019-01-24 01:39:00
2019-01-24 01:40:00,5.068399330087707e-06,2019-01-24 01:40:00
2019-01-24 01:41:00,3.701248965176284e-05,2019-01-24 01:41:00
2019-01-24 01:42:00,1.5783649993112612e-05,2019-01-24 01:42:00
2019-01-24 01:43:00,2.1483562675957563e-06,2019-01-24 01:43:00
2019-01-24 01:44:00,7.568011163289675e-05,2019-01-24 01:44:00
2019-01-24 01:45:00,7.568963838126755e-06,2019-01-24 01:45:00
2019-01-24 01:46:00,1.2490711549304382e-06,2019-01-24 01:46:00
2019-01-24 01:47:00,8.824721096685068e-06,2019-01-24 01:47:00
2019-01-24 01:48:00,2.2296589594589193e-08,2019-01-24 01:48:00
2019-01-24 01:49:00,2.7371253835493037e-06,2019-01-24 01:49:00
2019-01-24 01:50:00,2.6841425398913927e-08,2019-01-24 01:50:00
2019-01-24 01:51:00,9.745538126406478e-06,2019-01-24 01:51:00
2019-01-24 01:52:00,1.1991088854296553e-05,2019-01-24 01:52:00
2019-01-24 01:53:00,7.03999717534224e-05,2019-01-24 01:53:00
2019-01-24 01:54:00,1.9499781528542343e-06,2019-01-24 01:54:00
2019-01-24 01:55:00,7.983014208155877e-05,2019-01-24 01:55:00
2019-01-24 01:56:00,2.3964272157138774e-06,2019-01-24 01:56:00
2019-01-24 01:57:00,4.433205733732256e-06,2019-01-24 01:57:00
2019-01-24 01:58:00,2.4412478384306885e-05,2019-01-24 01:58:00
2019-01-24 01:59:00,9.386054871989444e-06,2019-01-24 01:59:00
2019-01-24 02:00:00,1.915719353945649e-06,2019-01-24 02:00:00
2019-01-24 02:01:00,0.00015227525107339805,2019-01-24 02:01:00
2019-01-24 02:02:00,8.25606727695733e-05,2019-01-24 02:02:00
2019-01-24 02:03:00,1.0692833212160625e-06,2019-01-24 02:03:00
2019-01-24 02:04:00,9.124113074933133e-07,2019-01-24 02:04:00
2019-01-24 02:05:00,1.1603696877683571e-07,2019-01-24 02:05:00
2019-01-24 02:06:00,1.8205462272852273e-05,2019-01-24 02:06:00
2019-01-24 02:07:00,1.073813781191394e-06,2019-01-24 02:07:00
2019-01-24 02:08:00,2.9096563216583783e-07,2019-01-24 02:08:00
2019-01-24 02:09:00,7.896612942338038e-05,2019-01-24 02:09:00
2019-01-24 02:10:00,0.007020499939690449,2019-01-24 02:10:00
2019-01-24 02:11:00,0.021398291450023282,2019-01-24 02:11:00
2019-01-24 02:12:00,0.008151549736080448,2019-01-24 02:12:00
2019-01-24 02:13:00,0.049605168178468134,2019-01-24 02:13:00
2019-01-24 02:14:00,0.0009210603711780809,2019-01-24 02:14:00
2019-01-24 02:15:00,0.01045264746312323,2019-01-24 02:15:00
2019-01-24 02:16:00,0.02360357929638939,2019-01-24 02:16:00
2019-01-24 02:17:00,0.052041235126652305,2019-01-24 02:17:00
2019-01-24 02:18:00,0.237146872846705,2019-01-24 02:18:00
2019-01-24 02:19:00,0.0010814250693121303,2019-01-24 02:19:00
2019-01-24 02:20:00,0.0009162169711309823,2019-01-24 02:20:00
2019-01-24 02:21:00,0.0005191805117670147,2019-01-24 02:21:00
2019-01-24 02:22:00,0.00019327397472252236,2019-01-24 02:22:00
2019-01-24 02:23:00,0.00040924356835802964,2019-01-24 02:23:00
2019-01-24 02:24:00,3.317043253621073e-05,2019-01-24 02:24:00
2019-01-24 02:25:00,8.378315843762196e-09,2019-01-24 02:25:00
2019-01-24 02:26:00,5.264485219842889e-06,2019-01-24 02:26:00
2019-01-24 02:27:00,7.546725390943788e-05,2019-01-24 02:27:00
2019-01-24 02:28:00,3.884689768307959e-05,2019-01-24 02:28:00
2019-01-24 02:29:00,7.024055801278518e-05,2019-01-24 02:29:00
2019-01-24 02:30:00,1.7712952332309924e-05,2019-01-24 02:30:00
2019-01-24 02:31:00,0.00013961839790313594,2019-01-24 02:31:00
2019-01-24 02:32:00,0.00036880028510720967,2019-01-24 02:32:00
2019-01-24 02:33:00,9.154911026244007e-07,2019-01-24 02:33:00
2019-01-24 02:34:00,0.00019183645998042904,2019-01-24 02:34:00
2019-01-24 02:35:00,0.0006010844037015825,2019-01-24 02:35:00
2019-01-24 02:36:00,0.0014111018341500248,2019-01-24 02:36:00
2019-01-24 02:37:00,0.0019730628654176757,2019-01-24 02:37:00
2019-01-24 02:38:00,0.001913447570795847,2019-01-24 02:38:00
2019-01-24 02:39:00,0.0028945034943997435,2019-01-24 02:39:00
2019-01-24 02:40:00,0.0005043158326871591,2019-01-24 02:40:00
2019-01-24 02:41:00,0.001703955715344064,2019-01-24 02:41:00
2019-01-24 02:42:00,2.6270335819329746e-08,2019-01-24 02:42:00
2019-01-24 02:43:00,0.00042780350030615895,2019-01-24 02:43:00
2019-01-24 02:44:00,0.004069826276065533,2019-01-24 02:44:00
2019-01-24 02:45:00,4.6603657753717975e-05,2019-01-24 02:45:00
2019-01-24 02:46:00,0.00013727682930734603,2019-01-24 02:46:00
2019-01-24 02:47:00,4.166575569948686e-05,2019-01-24 02:47:00
2019-01-24 02:48:00,1.6669181834930635e-07,2019-01-24 02:48:00
2019-01-24 02:49:00,0.0005349182296322087,2019-01-24 02:49:00
2019-01-24 02:50:00,4.115346640436338e-09,2019-01-24 02:50:00
2019-01-24 02:51:00,4.334286517551624e-05,2019-01-24 02:51:00
2019-01-24 02:52:00,5.0952473594178844e-05,2019-01-24 02:52:00
2019-01-24 02:53:00,6.181289321659458e-07,2019-01-24 02:53:00
2019-01-24 02:54:00,1.3472751029958819e-05,2019-01-24 02:54:00
2019-01-24 02:55:00,3.3346904791589174e-05,2019-01-24 02:55:00
2019-01-24 02:56:00,5.246644595489588e-06,2019-01-24 02:56:00
2019-01-24 02:57:00,2.089919668778137e-05,2019-01-24 02:57:00
2019-01-24 02:58:00,2.9152849455945534e-06,2019-01-24 02:58:00
2019-01-24 02:59:00,7.624675382272509e-06,2019-01-24 02:59:00
2019-01-24 03:00:00,6.374959187041321e-05,2019-01-24 03:00:00
2019-01-24 03:01:00,0.00012043645386355775,2019-01-24 03:01:00
2019-01-24 03:02:00,3.2969593189984595e-05,2019-01-24 03:02:00
2019-01-24 03:03:00,1.569019723709813e-05,2019-01-24 03:03:00
2019-01-24 03:04:00,6.540289033295804e-06,2019-01-24 03:04:00
2019-01-24 03:05:00,5.848732815931007e-05,2019-01-24 03:05:00
2019-01-24 03:06:00,1.7907851931335525e-05,2019-01-24 03:06:00
2019-01-24 03:07:00,2.664184414868435e-06,2019-01-24 03:07:00
2019-01-24 03:08:00,9.09614235014544e-07,2019-01-24 03:08:00
2019-01-24 03:09:00,0.00011769467679250277,2019-01-24 03:09:00
2019-01-24 03:10:00,2.32500388056227e-06,2019-01-24 03:10:00
2019-01-24 03:11:00,5.3092340239577e-05,2019-01-24 03:11:00
2019-01-24 03:12:00,0.0006152725658270769,2019-01-24 03:12:00
2019-01-24 03:13:00,0.001562950094269406,2019-01-24 03:13:00
2019-01-24 03:14:00,0.00022404156971863774,2019-01-24 03:14:00
2019-01-24 03:15:00,0.00010673355917346171,2019-01-24 03:15:00
2019-01-24 03:16:00,8.044727081824493e-05,2019-01-24 03:16:00
2019-01-24 03:17:00,0.0001372166930998045,2019-01-24 03:17:00
2019-01-24 03:18:00,0.00030320607247212876,2019-01-24 03:18:00
2019-01-24 03:19:00,0.00010466195551229835,2019-01-24 03:19:00
2019-01-24 03:20:00,8.751583735407553e-06,2019-01-24 03:20:00
2019-01-24 03:21:00,8.111060083820893e-06,2019-01-24 03:21:00
2019-01-24 03:22:00,1.7744161110139138e-06,2019-01-24 03:22:00
2019-01-24 03:23:00,1.7964284734529715e-06,2019-01-24 03:23:00
2019-01-24 03:24:00,8.854578081447421e-05,2019-01-24 03:24:00
2019-01-24 03:25:00,2.091586620804295e-05,2019-01-24 03:25:00
2019-01-24 03:26:00,1.4955572380018153e-05,2019-01-24 03:26:00
2019-01-24 03:27:00,7.472039809750474e-06,2019-01-24 03:27:00
2019-01-24 03:28:00,1.9646609193776555e-05,2019-01-24 03:28:00
2019-01-24 03:29:00,3.0035438204321583e-05,2019-01-24 03:29:00
2019-01-24 03:30:00,0.0001317419602731664,2019-01-24 03:30:00
2019-01-24 03:31:00,0.0016762423156344885,2019-01-24 03:31:00
2019-01-24 03:32:00,0.0004618224870303557,2019-01-24 03:32:00
2019-01-24 03:33:00,5.307403061069248e-05,2019-01-24 03:33:00
2019-01-24 03:34:00,0.001086613247004824,2019-01-24 03:34:00
2019-01-24 03:35:00,3.6799375112850955e-06,2019-01-24 03:35:00
2019-01-24 03:36:00,3.5539739611935293e-06,2019-01-24 03:36:00
2019-01-24 03:37:00,1.228231873584387,2019-01-24 03:37:00
2019-01-24 03:48:00,0.05084918862903145,2019-01-24 03:48:00
2019-01-24 03:49:00,0.04896453276779582,2019-01-24 03:49:00
2019-01-24 03:50:00,0.0502224837710987,2019-01-24 03:50:00
2019-01-24 03:51:00,5.8189740136433674e-06,2019-01-24 03:51:00
2019-01-24 03:52:00,1.3865080249970769e-05,2019-01-24 03:52:00
2019-01-24 03:53:00,2.2539723720626846e-05,2019-01-24 03:53:00
2019-01-24 03:54:00,3.2997288576497255e-05,2019-01-24 03:54:00
2019-01-24 03:55:00,2.9544551015541304e-08,2019-01-24 03:55:00
2019-01-24 03:56:00,9.081016327746709e-06,2019-01-24 03:56:00
2019-01-24 03:57:00,3.7529476165943724e-06,2019-01-24 03:57:00
2019-01-24 03:58:00,2.8405840098286435e-05,2019-01-24 03:58:00
2019-01-24 03:59:00,3.522046961975595e-05,2019-01-24 03:59:00
2019-01-24 04:00:00,4.231983951809163e-07,2019-01-24 04:00:00
2019-01-24 04:01:00,2.7961563456959945e-05,2019-01-24 04:01:00
2019-01-24 04:02:00,1.4777832052172966e-05,2019-01-24 04:02:00
2019-01-24 04:03:00,1.0567084242992616e-05,2019-01-24 04:03:00
2019-01-24 04:04:00,2.110207821998485e-05,2019-01-24 04:04:00
2019-01-24 04:05:00,1.3713433544414291e-06,2019-01-24 04:05:00
2019-01-24 04:06:00,9.167155924815327e-06,2019-01-24 04:06:00
2019-01-24 04:07:00,3.6436526685258545e-05,2019-01-24 04:07:00
2019-01-24 04:08:00,4.606233193570447e-06,2019-01-24 04:08:00
2019-01-24 04:09:00,4.7519623889964495e-06,2019-01-24 04:09:00
2019-01-24 04:10:00,5.015443306292271e-05,2019-01-24 04:10:00
2019-01-24 04:11:00,3.190206498615615e-05,2019-01-24 04:11:00
2019-01-24 04:12:00,3.394975240636347e-05,2019-01-24 04:12:00
2019-01-24 04:13:00,0.0001199135331486161,2019-01-24 04:13:00
2019-01-24 04:14:00,5.175170598612991e-07,2019-01-24 04:14:00
2019-01-24 04:15:00,1.857277091107421e-05,2019-01-24 04:15:00
2019-01-24 04:16:00,8.819272934441073e-07,2019-01-24 04:16:00
2019-01-24 04:17:00,3.063517512328643e-05,2019-01-24 04:17:00
2019-01-24 04:18:00,9.923742314443682e-05,2019-01-24 04:18:00
2019-01-24 04:19:00,7.138703425993379e-07,2019-01-24 04:19:00
2019-01-24 04:20:00,2.9052691661454293e-06,2019-01-24 04:20:00
2019-01-24 04:21:00,0.00012488287591334393,2019-01-24 04:21:00
2019-01-24 04:22:00,0.00010784737602379523,2019-01-24 04:22:00
2019-01-24 04:23:00,3.6870819102149203e-05,2019-01-24 04:23:00
2019-01-24 04:24:00,6.812064663799606e-06,2019-01-24 04:24:00
2019-01-24 04:25:00,2.7319035939533078e-05,2019-01-24 04:25:00
2019-01-24 04:26:00,2.5553930434342967e-06,2019-01-24 04:26:00
2019-01-24 04:27:00,3.704954495850107e-05,2019-01-24 04:27:00
2019-01-24 04:28:00,2.0066088802211794e-05,2019-01-24 04:28:00
2019-01-24 04:29:00,1.7121275438761694e-05,2019-01-24 04:29:00
2019-01-24 04:30:00,5.531958756663265e-07,2019-01-24 04:30:00
2019-01-24 04:31:00,9.632350612899781e-08,2019-01-24 04:31:00
2019-01-24 04:32:00,1.4381791839278163e-05,2019-01-24 04:32:00
2019-01-24 04:33:00,1.2781012688513128e-06,2019-01-24 04:33:00
2019-01-24 04:34:00,5.338086347244412e-05,2019-01-24 04:34:00
2019-01-24 04:35:00,1.0626591502346604e-06,2019-01-24 04:35:00
2019-01-24 04:36:00,1.9618102998907178e-05,2019-01-24 04:36:00
2019-01-24 04:37:00,1.965973724347079e-06,2019-01-24 04:37:00
2019-01-24 04:38:00,0.00029208968826307066,2019-01-24 04:38:00
2019-01-24 04:39:00,7.28145528995918e-05,2019-01-24 04:39:00
2019-01-24 04:40:00,6.027908461882324e-07,2019-01-24 04:40:00
2019-01-24 04:41:00,0.00016721747387796464,2019-01-24 04:41:00
2019-01-24 04:42:00,8.112781841536304e-07,2019-01-24 04:42:00
2019-01-24 04:43:00,2.5399966877026995e-05,2019-01-24 04:43:00
2019-01-24 04:44:00,1.884464524622681e-05,2019-01-24 04:44:00
2019-01-24 04:45:00,8.702322212512694e-06,2019-01-24 04:45:00
2019-01-24 04:46:00,9.29925798006054e-07,2019-01-24 04:46:00
2019-01-24 04:47:00,1.8228430313289953e-06,2019-01-24 04:47:00
2019-01-24 04:48:00,2.4565603181350723e-06,2019-01-24 04:48:00
2019-01-24 04:49:00,1.3574652641655966e-09,2019-01-24 04:49:00
2019-01-24 04:50:00,3.255897494680515e-05,2019-01-24 04:50:00
2019-01-24 04:51:00,1.7622586392026843e-05,2019-01-24 04:51:00
2019-01-24 04:52:00,2.6948214052390986e-05,2019-01-24 04:52:00
2019-01-24 04:53:00,7.68598108677243e-06,2019-01-24 04:53:00
2019-01-24 04:54:00,1.9914824540588313e-05,2019-01-24 04:54:00
2019-01-24 04:55:00,4.0226853520041964e-07,2019-01-24 04:55:00
2019-01-24 04:56:00,5.735456861555727e-05,2019-01-24 04:56:00
2019-01-24 04:57:00,1.8556972957573836e-05,2019-01-24 04:57:00
2019-01-24 04:58:00,3.4617472825703894e-05,2019-01-24 04:58:00
2019-01-24 04:59:00,1.1123791914786907e-07,2019-01-24 04:59:00
2019-01-24 05:00:00,3.9601039320894437e-05,2019-01-24 05:00:00
2019-01-24 05:01:00,1.2683226529927044e-05,2019-01-24 05:01:00
2019-01-24 05:02:00,0.00023241982438684697,2019-01-24 05:02:00
2019-01-24 05:03:00,6.001874344969901e-06,2019-01-24 05:03:00
2019-01-24 05:04:00,0.0010628570544058474,2019-01-24 05:04:00
2019-01-24 05:05:00,0.00036796942688698653,2019-01-24 05:05:00
2019-01-24 05:06:00,0.00218969607050946,2019-01-24 05:06:00
2019-01-24 05:07:00,0.48740552437922835,2019-01-24 05:07:00
2019-01-24 05:23:00,0.07293108096152201,2019-01-24 05:23:00
2019-01-24 05:24:00,0.049838949615646756,2019-01-24 05:24:00
2019-01-24 05:25:00,0.03564297635926834,2019-01-24 05:25:00
2019-01-24 05:26:00,4.3768756907362776e-06,2019-01-24 05:26:00
2019-01-24 05:27:00,2.2570224763545885e-05,2019-01-24 05:27:00
2019-01-24 05:28:00,1.9012466679809963e-05,2019-01-24 05:28:00
2019-01-24 05:29:00,4.4552524214195974e-05,2019-01-24 05:29:00
2019-01-24 05:30:00,5.252599067806421e-07,2019-01-24 05:30:00
2019-01-24 05:31:00,9.104588384006015e-07,2019-01-24 05:31:00
2019-01-24 05:32:00,2.2808667681667017e-05,2019-01-24 05:32:00
2019-01-24 05:33:00,1.8040779626835028e-05,2019-01-24 05:33:00
2019-01-24 05:34:00,2.807756211998054e-05,2019-01-24 05:34:00
2019-01-24 05:35:00,8.11652394756352e-07,2019-01-24 05:35:00
2019-01-24 05:36:00,6.290067476860698e-05,2019-01-24 05:36:00
2019-01-24 05:37:00,2.5639288930398703e-05,2019-01-24 05:37:00
2019-01-24 05:38:00,2.8097851746551882e-05,2019-01-24 05:38:00
2019-01-24 05:39:00,6.578827671609091e-06,2019-01-24 05:39:00
2019-01-24 05:40:00,0.00011069079357491462,2019-01-24 05:40:00
2019-01-24 05:41:00,6.1644024805378095e-06,2019-01-24 05:41:00
2019-01-24 05:42:00,0.00013703851188566615,2019-01-24 05:42:00
2019-01-24 05:43:00,6.41462013784419e-05,2019-01-24 05:43:00
2019-01-24 05:44:00,0.0001275001979417058,2019-01-24 05:44:00
2019-01-24 05:45:00,4.4795447200221875e-05,2019-01-24 05:45:00
2019-01-24 05:46:00,4.020077258661825e-05,2019-01-24 05:46:00
2019-01-24 05:47:00,1.0014604522623462e-05,2019-01-24 05:47:00
2019-01-24 05:48:00,0.00011615740171083886,2019-01-24 05:48:00
2019-01-24 05:49:00,0.00010025219637537939,2019-01-24 05:49:00
2019-01-24 05:50:00,2.26361296333684e-05,2019-01-24 05:50:00
2019-01-24 05:51:00,2.5859474888567202e-05,2019-01-24 05:51:00
2019-01-24 05:52:00,0.00023598906427379357,2019-01-24 05:52:00
2019-01-24 05:53:00,0.0007409284090748678,2019-01-24 05:53:00
2019-01-24 05:54:00,5.769166797220332e-05,2019-01-24 05:54:00
2019-01-24 05:55:00,1.3037982918380108e-05,2019-01-24 05:55:00
2019-01-24 05:56:00,2.609979439382578e-05,2019-01-24 05:56:00
2019-01-24 05:57:00,1.742989750069035,2019-01-24 05:57:00
2019-01-24 06:08:00,0.07186343246130655,2019-01-24 06:08:00
2019-01-24 06:09:00,0.07095629007543298,2019-01-24 06:09:00
2019-01-24 06:10:00,0.06848831773471961,2019-01-24 06:10:00
2019-01-24 06:11:00,2.255338086456147e-05,2019-01-24 06:11:00
2019-01-24 06:12:00,6.718164132626447e-06,2019-01-24 06:12:00
2019-01-24 06:13:00,0.00014216398103528223,2019-01-24 06:13:00
2019-01-24 06:14:00,0.0001409064815047424,2019-01-24 06:14:00
2019-01-24 06:15:00,3.0417419122607443e-05,2019-01-24 06:15:00
2019-01-24 06:16:00,0.0002111985768439485,2019-01-24 06:16:00
2019-01-24 06:17:00,5.353657866444567e-06,2019-01-24 06:17:00
2019-01-24 06:18:00,0.0007345020659672886,2019-01-24 06:18:00
2019-01-24 06:19:00,0.0003906198385514228,2019-01-24 06:19:00
2019-01-24 06:20:00,0.0025398550713510108,2019-01-24 06:20:00
2019-01-24 06:21:00,9.710789105801783e-09,2019-01-24 06:21:00
2019-01-24 06:22:00,0.00020582167942682073,2019-01-24 06:22:00
2019-01-24 06:23:00,0.00011640077383214976,2019-01-24 06:23:00
2019-01-24 06:24:00,2.5231485136877274e-06,2019-01-24 06:24:00
2019-01-24 06:25:00,0.00016980206685365004,2019-01-24 06:25:00
2019-01-24 06:26:00,0.00035221465732650583,2019-01-24 06:26:00
2019-01-24 06:27:00,0.00016060883272975718,2019-01-24 06:27:00
2019-01-24 06:28:00,5.279789449511038e-05,2019-01-24 06:28:00
2019-01-24 06:29:00,2.3959040635659482e-05,2019-01-24 06:29:00
2019-01-24 06:30:00,1.3099592523441493e-05,2019-01-24 06:30:00
2019-01-24 06:31:00,7.172274976365626e-05,2019-01-24 06:31:00
2019-01-24 06:32:00,1.1261778807520913e-05,2019-01-24 06:32:00
2019-01-24 06:33:00,5.634687052295382e-06,2019-01-24 06:33:00
2019-01-24 06:34:00,6.633418292375893e-09,2019-01-24 06:34:00
2019-01-24 06:35:00,3.7644094377448885e-06,2019-01-24 06:35:00
2019-01-24 06:36:00,1.3234880484984606e-05,2019-01-24 06:36:00
2019-01-24 06:37:00,1.916608145840218e-05,2019-01-24 06:37:00
2019-01-24 06:38:00,1.62746362908611e-05,2019-01-24 06:38:00
2019-01-24 06:39:00,1.7665510052161085e-05,2019-01-24 06:39:00
2019-01-24 06:40:00,9.405735557092062e-05,2019-01-24 06:40:00
2019-01-24 06:41:00,6.570936734245737e-05,2019-01-24 06:41:00
2019-01-24 06:42:00,0.00012009812440184392,2019-01-24 06:42:00
2019-01-24 06:43:00,1.7868554312660526e-05,2019-01-24 06:43:00
2019-01-24 06:44:00,0.0001288762005335044,2019-01-24 06:44:00
2019-01-24 06:45:00,2.3843925903169638e-05,2019-01-24 06:45:00
2019-01-24 06:46:00,2.6579089374795444e-05,2019-01-24 06:46:00
2019-01-24 06:47:00,0.00012403443494445813,2019-01-24 06:47:00
2019-01-24 06:48:00,1.4089126991792875e-05,2019-01-24 06:48:00
2019-01-24 06:49:00,4.215044520434543e-07,2019-01-24 06:49:00
2019-01-24 06:50:00,2.606851708481374e-10,2019-01-24 06:50:00
2019-01-24 06:51:00,9.512067486026898e-05,2019-01-24 06:51:00
2019-01-24 06:52:00,7.277188727781962e-05,2019-01-24 06:52:00
2019-01-24 06:53:00,1.3642491702902675e-05,2019-01-24 06:53:00
2019-01-24 06:54:00,7.5132707719797474e-06,2019-01-24 06:54:00
2019-01-24 06:55:00,0.00016165355413774545,2019-01-24 06:55:00
2019-01-24 06:56:00,0.0010251095446147404,2019-01-24 06:56:00
2019-01-24 06:57:00,0.0010834147118667723,2019-01-24 06:57:00
2019-01-24 06:58:00,4.747715627358563e-05,2019-01-24 06:58:00
2019-01-24 06:59:00,5.138291863552337e-05,2019-01-24 06:59:00
2019-01-24 07:00:00,8.633858506622405e-07,2019-01-24 07:00:00
2019-01-24 07:01:00,6.02900828460492e-05,2019-01-24 07:01:00
2019-01-24 07:02:00,0.6711438543198041,2019-01-24 07:02:00
2019-01-24 07:04:00,0.6172712096654377,2019-01-24 07:04:00
2019-01-24 07:05:00,531.8273573562118,2019-01-24 07:05:00
2019-01-24 07:06:00,494.14317450317236,2019-01-24 07:06:00
2019-01-24 07:07:00,67.62894762660714,2019-01-24 07:07:00
2019-01-24 07:08:00,102.51342864499125,2019-01-24 07:08:00
2019-01-24 07:09:00,160.48361807526518,2019-01-24 07:09:00
2019-01-24 07:10:00,156.3734255893578,2019-01-24 07:10:00
2019-01-24 07:11:00,0.031177045473582896,2019-01-24 07:11:00
2019-01-24 07:13:00,0.03010535348479848,2019-01-24 07:13:00
2019-01-24 07:14:00,0.02948357765546002,2019-01-24 07:14:00
2019-01-24 07:15:00,0.02645387780314856,2019-01-24 07:15:00
2019-01-24 07:16:00,5.1131444270736916e-06,2019-01-24 07:16:00
2019-01-24 07:17:00,7.194512585346881e-06,2019-01-24 07:17:00
2019-01-24 07:18:00,1.3735859473828079e-06,2019-01-24 07:18:00
2019-01-24 07:19:00,2.623100144169413e-07,2019-01-24 07:19:00
2019-01-24 07:20:00,2.4877261989998336e-05,2019-01-24 07:20:00
2019-01-24 07:21:00,0.00017170761033996452,2019-01-24 07:21:00
2019-01-24 07:22:00,1.6019055560206967e-06,2019-01-24 07:22:00
2019-01-24 07:23:00,5.5524327584751465e-05,2019-01-24 07:23:00
2019-01-24 07:24:00,3.624833859099538e-05,2019-01-24 07:24:00
2019-01-24 07:25:00,8.472718365111523e-06,2019-01-24 07:25:00
2019-01-24 07:26:00,4.211623183497523e-05,2019-01-24 07:26:00
2019-01-24 07:27:00,1.0184488090324826e-06,2019-01-24 07:27:00
2019-01-24 07:28:00,0.0003167507749444062,2019-01-24 07:28:00
2019-01-24 07:29:00,4.14933683911714e-05,2019-01-24 07:29:00
2019-01-24 07:30:00,0.00025677463424001834,2019-01-24 07:30:00
2019-01-24 07:31:00,0.00014442064492931614,2019-01-24 07:31:00
2019-01-24 07:32:00,4.129744285628731e-05,2019-01-24 07:32:00
2019-01-24 07:33:00,0.0002428130853995945,2019-01-24 07:33:00
2019-01-24 07:34:00,2.3537354830095978e-05,2019-01-24 07:34:00
2019-01-24 07:35:00,4.885788808092497e-06,2019-01-24 07:35:00
2019-01-24 07:36:00,9.030188758381851e-05,2019-01-24 07:36:00
2019-01-24 07:37:00,2.03222724614688e-06,2019-01-24 07:37:00
2019-01-24 07:38:00,0.00011095641770374559,2019-01-24 07:38:00
2019-01-24 07:39:00,1.536524339650665e-05,2019-01-24 07:39:00
2019-01-24 07:40:00,8.04401924312606e-06,2019-01-24 07:40:00
2019-01-24 07:41:00,8.389878248503868e-07,2019-01-24 07:41:00
2019-01-24 07:42:00,4.3262908274143205e-08,2019-01-24 07:42:00
2019-01-24 07:43:00,2.2234259277951276e-05,2019-01-24 07:43:00
2019-01-24 07:44:00,5.155477325762148e-07,2019-01-24 07:44:00
2019-01-24 07:45:00,6.27684772005159e-05,2019-01-24 07:45:00
2019-01-24 07:46:00,4.557459751179054e-05,2019-01-24 07:46:00
2019-01-24 07:47:00,1.1195934799546375e-06,2019-01-24 07:47:00
2019-01-24 07:48:00,4.472994834887428e-05,2019-01-24 07:48:00
2019-01-24 07:49:00,4.38029215173735e-05,2019-01-24 07:49:00
2019-01-24 07:50:00,3.6167404751785366e-05,2019-01-24 07:50:00
2019-01-24 07:51:00,3.416549485366694e-05,2019-01-24 07:51:00
2019-01-24 07:52:00,9.521952456798113e-07,2019-01-24 07:52:00
2019-01-24 07:53:00,1.088919627711267e-06,2019-01-24 07:53:00
2019-01-24 07:54:00,0.0001650012130677329,2019-01-24 07:54:00
2019-01-24 07:55:00,7.2969708475700765e-06,2019-01-24 07:55:00
2019-01-24 07:56:00,0.00025467715333390924,2019-01-24 07:56:00
2019-01-24 07:57:00,0.0005500263289444932,2019-01-24 07:57:00
2019-01-24 07:58:00,2.999123601791923e-07,2019-01-24 07:58:00
2019-01-24 07:59:00,1.1911861764074018e-06,2019-01-24 07:59:00
2019-01-24 08:00:00,2.5334044927278892e-06,2019-01-24 08:00:00
2019-01-24 08:01:00,3.409067726370889e-06,2019-01-24 08:01:00
2019-01-24 08:02:00,1.0716671641816394e-05,2019-01-24 08:02:00
2019-01-24 08:03:00,4.0454806141177315e-06,2019-01-24 08:03:00
2019-01-24 08:04:00,7.172296490160341e-06,2019-01-24 08:04:00
2019-01-24 08:05:00,1.810586048058936e-06,2019-01-24 08:05:00
2019-01-24 08:06:00,3.951064721948088e-06,2019-01-24 08:06:00
2019-01-24 08:07:00,3.0712270504770515e-08,2019-01-24 08:07:00
2019-01-24 08:08:00,3.8092008075881585e-05,2019-01-24 08:08:00
2019-01-24 08:09:00,7.097778441065482e-07,2019-01-24 08:09:00
2019-01-24 08:10:00,0.00011795740313897001,2019-01-24 08:10:00
2019-01-24 08:11:00,4.2293200656014594e-05,2019-01-24 08:11:00
2019-01-24 08:12:00,8.676685679703066e-06,2019-01-24 08:12:00
2019-01-24 08:13:00,1.789957715168227e-05,2019-01-24 08:13:00
2019-01-24 08:14:00,3.341190771036481e-06,2019-01-24 08:14:00
2019-01-24 08:15:00,1.352843283496096e-06,2019-01-24 08:15:00
2019-01-24 08:16:00,3.799830738079159e-05,2019-01-24 08:16:00
2019-01-24 08:17:00,9.593528029605095e-07,2019-01-24 08:17:00
2019-01-24 08:18:00,3.301011193658532e-05,2019-01-24 08:18:00
2019-01-24 08:19:00,2.545514647823529e-06,2019-01-24 08:19:00
2019-01-24 08:20:00,0.00018520276499324023,2019-01-24 08:20:00
2019-01-24 08:21:00,5.7808050541518236e-06,2019-01-24 08:21:00
2019-01-24 08:22:00,0.00011047809392420008,2019-01-24 08:22:00
2019-01-24 08:23:00,0.00022552930423776012,2019-01-24 08:23:00
2019-01-24 08:24:00,1.57320914561285e-05,2019-01-24 08:24:00
2019-01-24 08:25:00,8.355737607380001e-06,2019-01-24 08:25:00
2019-01-24 08:26:00,1.2444972268030749e-05,2019-01-24 08:26:00
2019-01-24 08:27:00,0.0004097380317156406,2019-01-24 08:27:00
2019-01-24 08:28:00,0.00030994541430012844,2019-01-24 08:28:00
2019-01-24 08:29:00,9.485678255943689e-05,2019-01-24 08:29:00
2019-01-24 08:30:00,9.570798843103783e-05,2019-01-24 08:30:00
2019-01-24 08:31:00,4.367946318544017e-05,2019-01-24 08:31:00
2019-01-24 08:32:00,1.785118938932299e-05,2019-01-24 08:32:00
2019-01-24 08:33:00,8.305247737057505e-07,2019-01-24 08:33:00
2019-01-24 08:34:00,0.00023558828998220216,2019-01-24 08:34:00
2019-01-24 08:35:00,2.4241562710932914e-05,2019-01-24 08:35:00
2019-01-24 08:36:00,0.0003899626391622754,2019-01-24 08:36:00
2019-01-24 08:37:00,0.0001836533172059778,2019-01-24 08:37:00
2019-01-24 08:38:00,0.0003910377883571148,2019-01-24 08:38:00
2019-01-24 08:39:00,0.0015947490521474692,2019-01-24 08:39:00
2019-01-24 08:40:00,6.554478902128649e-05,2019-01-24 08:40:00
2019-01-24 08:41:00,0.00010029885832204573,2019-01-24 08:41:00
2019-01-24 08:42:00,4.075657081965834e-06,2019-01-24 08:42:00
2019-01-24 08:43:00,2.823740218371308e-06,2019-01-24 08:43:00
2019-01-24 08:44:00,3.849819139861601e-07,2019-01-24 08:44:00
2019-01-24 08:45:00,1.246294868494611e-07,2019-01-24 08:45:00
2019-01-24 08:46:00,1.5104384863738746e-05,2019-01-24 08:46:00
2019-01-24 08:47:00,7.258113939974859e-07,2019-01-24 08:47:00
2019-01-24 08:48:00,3.165130381698825e-05,2019-01-24 08:48:00
2019-01-24 08:49:00,1.0412857107663807e-05,2019-01-24 08:49:00
2019-01-24 08:50:00,2.3057022384208354e-07,2019-01-24 08:50:00
2019-01-24 08:51:00,8.158167117799173e-06,2019-01-24 08:51:00
2019-01-24 08:52:00,1.3541749516696521e-06,2019-01-24 08:52:00
2019-01-24 08:53:00,1.3172742231109069e-05,2019-01-24 08:53:00
2019-01-24 08:54:00,5.4142083588180104e-05,2019-01-24 08:54:00
2019-01-24 08:55:00,3.308095682077655e-05,2019-01-24 08:55:00
2019-01-24 08:56:00,3.4649000792909376e-06,2019-01-24 08:56:00
2019-01-24 08:57:00,1.159351620682738e-07,2019-01-24 08:57:00
2019-01-24 08:58:00,3.909604850220242e-06,2019-01-24 08:58:00
2019-01-24 08:59:00,1.1359580831368956e-05,2019-01-24 08:59:00
2019-01-24 09:00:00,1.2202030914706156e-05,2019-01-24 09:00:00
2019-01-24 09:01:00,1.5220185021171065e-06,2019-01-24 09:01:00
2019-01-24 09:02:00,4.24659924995086e-06,2019-01-24 09:02:00
2019-01-24 09:03:00,2.931266660596268e-06,2019-01-24 09:03:00
2019-01-24 09:04:00,0.00013382270407099367,2019-01-24 09:04:00
2019-01-24 09:05:00,4.0743482039018076e-05,2019-01-24 09:05:00
2019-01-24 09:06:00,0.00035819602155268495,2019-01-24 09:06:00
2019-01-24 09:07:00,5.7123528977972124e-05,2019-01-24 09:07:00
2019-01-24 09:08:00,0.00019811940325515558,2019-01-24 09:08:00
2019-01-24 09:09:00,1.626742564884145e-06,2019-01-24 09:09:00
2019-01-24 09:10:00,3.2945492869595628e-06,2019-01-24 09:10:00
2019-01-24 09:11:00,6.714123489528026e-05,2019-01-24 09:11:00
2019-01-24 09:12:00,2.5694183591022323e-06,2019-01-24 09:12:00
2019-01-24 09:13:00,8.716663869460653e-05,2019-01-24 09:13:00
2019-01-24 09:14:00,1.6836609947584069e-06,2019-01-24 09:14:00
2019-01-24 09:15:00,4.6421450846777285e-06,2019-01-24 09:15:00
2019-01-24 09:16:00,2.4984492770630602e-05,2019-01-24 09:16:00
2019-01-24 09:17:00,1.8479383813618937e-07,2019-01-24 09:17:00
2019-01-24 09:18:00,5.92506316202069e-05,2019-01-24 09:18:00
2019-01-24 09:19:00,3.3978432838468e-05,2019-01-24 09:19:00
2019-01-24 09:20:00,2.479437269229931e-06,2019-01-24 09:20:00
2019-01-24 09:21:00,6.772489124411274e-05,2019-01-24 09:21:00
2019-01-24 09:22:00,3.993807864945148e-07,2019-01-24 09:22:00
2019-01-24 09:23:00,1.882943357703096e-05,2019-01-24 09:23:00
2019-01-24 09:24:00,4.585022279172561e-08,2019-01-24 09:24:00
2019-01-24 09:25:00,9.067341451040865e-05,2019-01-24 09:25:00
2019-01-24 09:26:00,3.811870687352144e-05,2019-01-24 09:26:00
2019-01-24 09:27:00,5.048431886887506e-05,2019-01-24 09:27:00
2019-01-24 09:28:00,8.65485070746518e-06,2019-01-24 09:28:00
2019-01-24 09:29:00,1.615668522037702e-08,2019-01-24 09:29:00
2019-01-24 09:30:00,1.9067848605477991e-06,2019-01-24 09:30:00
2019-01-24 09:31:00,6.180904300591856e-05,2019-01-24 09:31:00
2019-01-24 09:32:00,1.940832054526942e-06,2019-01-24 09:32:00
2019-01-24 09:33:00,9.679349429958528e-07,2019-01-24 09:33:00
2019-01-24 09:34:00,7.491239488851464e-07,2019-01-24 09:34:00
2019-01-24 09:35:00,5.3820685687357056e-05,2019-01-24 09:35:00
2019-01-24 09:36:00,6.076938421385253e-07,2019-01-24 09:36:00
2019-01-24 09:37:00,2.5458132280920298e-08,2019-01-24 09:37:00
2019-01-24 09:38:00,3.181741878211397e-06,2019-01-24 09:38:00
2019-01-24 09:39:00,6.483038074411201e-07,2019-01-24 09:39:00
2019-01-24 09:40:00,6.7583086915284186e-06,2019-01-24 09:40:00
2019-01-24 09:41:00,9.369242850974682e-05,2019-01-24 09:41:00
2019-01-24 09:42:00,2.4926961124884413e-08,2019-01-24 09:42:00
2019-01-24 09:43:00,3.239161628824579e-05,2019-01-24 09:43:00
2019-01-24 09:44:00,1.1652874562306704e-05,2019-01-24 09:44:00
2019-01-24 09:45:00,1.6850225907325164e-05,2019-01-24 09:45:00
2019-01-24 09:46:00,6.67589638824037e-05,2019-01-24 09:46:00
2019-01-24 09:47:00,3.0511802962548716e-05,2019-01-24 09:47:00
2019-01-24 09:48:00,1.2282310061406975e-05,2019-01-24 09:48:00
2019-01-24 09:49:00,1.210328628960417e-05,2019-01-24 09:49:00
2019-01-24 09:50:00,1.5586818780586777e-07,2019-01-24 09:50:00
2019-01-24 09:51:00,2.801330776701068e-05,2019-01-24 09:51:00
2019-01-24 09:52:00,0.032168066253909715,2019-01-24 09:52:00
2019-01-24 09:53:00,4.488191106186822,2019-01-24 09:53:00
2019-01-24 09:54:00,1.6994206637124867,2019-01-24 09:54:00
2019-01-24 09:55:00,2.3776828330598643,2019-01-24 09:55:00
2019-01-24 09:56:00,0.004231153316136772,2019-01-24 09:56:00
2019-01-24 09:57:00,0.013220490011095933,2019-01-24 09:57:00
2019-01-24 10:03:00,0.0014888445006071172,2019-01-24 10:03:00
2019-01-24 10:04:00,0.0017682921318273068,2019-01-24 10:04:00
2019-01-24 10:05:00,0.0006566673874499145,2019-01-24 10:05:00
2019-01-24 10:06:00,5.50227126726921e-05,2019-01-24 10:06:00
2019-01-24 10:07:00,3.671030994245845e-05,2019-01-24 10:07:00
2019-01-24 10:08:00,1.281473791429245e-05,2019-01-24 10:08:00
2019-01-24 10:09:00,3.125397910997331e-07,2019-01-24 10:09:00
2019-01-24 10:10:00,2.422033822711655e-07,2019-01-24 10:10:00
2019-01-24 10:11:00,2.7952274005887142e-05,2019-01-24 10:11:00
2019-01-24 10:12:00,3.984383003308965e-05,2019-01-24 10:12:00
2019-01-24 10:13:00,2.4676797200386456e-05,2019-01-24 10:13:00
2019-01-24 10:14:00,5.9475235124397554e-05,2019-01-24 10:14:00
2019-01-24 10:15:00,3.516455927333014e-05,2019-01-24 10:15:00
2019-01-24 10:16:00,8.490695217927156e-05,2019-01-24 10:16:00
2019-01-24 10:17:00,5.3933165832587815e-06,2019-01-24 10:17:00
2019-01-24 10:18:00,1.4822810003872147e-05,2019-01-24 10:18:00
2019-01-24 10:19:00,1.2931214011898684e-05,2019-01-24 10:19:00
2019-01-24 10:20:00,7.34299611448913e-07,2019-01-24 10:20:00
2019-01-24 10:21:00,1.5245287898774721e-05,2019-01-24 10:21:00
2019-01-24 10:22:00,1.753136643172349e-05,2019-01-24 10:22:00
2019-01-24 10:23:00,8.288250425071286e-08,2019-01-24 10:23:00
2019-01-24 10:24:00,1.5878486389329474e-08,2019-01-24 10:24:00
2019-01-24 10:25:00,7.516403338232899e-06,2019-01-24 10:25:00
2019-01-24 10:26:00,2.8580477800242172e-05,2019-01-24 10:26:00
2019-01-24 10:27:00,4.2246175375113755e-08,2019-01-24 10:27:00
2019-01-24 10:28:00,8.598203305934812e-06,2019-01-24 10:28:00
2019-01-24 10:29:00,3.552871516658807e-05,2019-01-24 10:29:00
2019-01-24 10:30:00,3.312850409923022e-07,2019-01-24 10:30:00
2019-01-24 10:31:00,3.506440003474636e-08,2019-01-24 10:31:00
2019-01-24 10:32:00,1.4429702618459477e-05,2019-01-24 10:32:00
2019-01-24 10:33:00,3.101501215400739e-06,2019-01-24 10:33:00
2019-01-24 10:34:00,4.368254867221476e-05,2019-01-24 10:34:00
2019-01-24 10:35:00,2.815001984809886e-06,2019-01-24 10:35:00
2019-01-24 10:36:00,0.00011109291072384539,2019-01-24 10:36:00
2019-01-24 10:37:00,5.455328247511867e-05,2019-01-24 10:37:00
2019-01-24 10:38:00,2.2175866720401043e-05,2019-01-24 10:38:00
2019-01-24 10:39:00,4.1374461626440985e-05,2019-01-24 10:39:00
2019-01-24 10:40:00,4.756057517123424e-06,2019-01-24 10:40:00
2019-01-24 10:41:00,5.565046820434984e-05,2019-01-24 10:41:00
2019-01-24 10:42:00,5.897531148491505e-05,2019-01-24 10:42:00
2019-01-24 10:43:00,7.272770867258251e-05,2019-01-24 10:43:00
2019-01-24 10:44:00,1.055146128776934e-05,2019-01-24 10:44:00
2019-01-24 10:45:00,3.6850405323092216e-06,2019-01-24 10:45:00
2019-01-24 10:46:00,4.988587405018106e-05,2019-01-24 10:46:00
2019-01-24 10:47:00,1.4370464258650906e-05,2019-01-24 10:47:00
2019-01-24 10:48:00,4.4662778982207644e-07,2019-01-24 10:48:00
2019-01-24 10:49:00,6.732549489135504e-06,2019-01-24 10:49:00
2019-01-24 10:50:00,2.5304589149546074e-08,2019-01-24 10:50:00
2019-01-24 10:51:00,8.125032469616802e-07,2019-01-24 10:51:00
2019-01-24 10:52:00,1.5851120453507649e-06,2019-01-24 10:52:00
2019-01-24 10:53:00,5.957751949065337e-05,2019-01-24 10:53:00
2019-01-24 10:54:00,2.3234632170492407e-06,2019-01-24 10:54:00
2019-01-24 10:55:00,4.2202944792717214e-06,2019-01-24 10:55:00
2019-01-24 10:56:00,7.226951134367466e-06,2019-01-24 10:56:00
2019-01-24 10:57:00,4.074713542415464e-05,2019-01-24 10:57:00
2019-01-24 10:58:00,1.123109009894371e-06,2019-01-24 10:58:00
2019-01-24 10:59:00,3.3524219848244447e-06,2019-01-24 10:59:00
2019-01-24 11:00:00,4.904913540146335e-06,2019-01-24 11:00:00
2019-01-24 11:01:00,5.553636460330719e-06,2019-01-24 11:01:00
2019-01-24 11:02:00,1.0069577802635578e-05,2019-01-24 11:02:00
2019-01-24 11:03:00,1.8427641882114855e-05,2019-01-24 11:03:00
2019-01-24 11:04:00,7.330743179098808e-06,2019-01-24 11:04:00
2019-01-24 11:05:00,1.1606361813388766e-05,2019-01-24 11:05:00
2019-01-24 11:06:00,3.3299368920879666e-05,2019-01-24 11:06:00
2019-01-24 11:07:00,3.7325544152056096e-05,2019-01-24 11:07:00
2019-01-24 11:08:00,4.447730457350635e-05,2019-01-24 11:08:00
2019-01-24 11:09:00,5.9200516515819125e-05,2019-01-24 11:09:00
2019-01-24 11:10:00,1.884883309123182e-05,2019-01-24 11:10:00
2019-01-24 11:11:00,4.414734602349885e-06,2019-01-24 11:11:00
2019-01-24 11:12:00,4.450052770640014e-05,2019-01-24 11:12:00
2019-01-24 11:13:00,4.041273388831255e-06,2019-01-24 11:13:00
2019-01-24 11:14:00,1.1632241171664318e-05,2019-01-24 11:14:00
2019-01-24 11:15:00,3.339538915026982e-05,2019-01-24 11:15:00
2019-01-24 11:16:00,5.567563271233956e-08,2019-01-24 11:16:00
2019-01-24 11:17:00,1.3844446569541353e-07,2019-01-24 11:17:00
2019-01-24 11:18:00,2.0233658771165854e-06,2019-01-24 11:18:00
2019-01-24 11:19:00,3.063465318883826e-06,2019-01-24 11:19:00
2019-01-24 11:20:00,4.417427106001663e-05,2019-01-24 11:20:00
2019-01-24 11:21:00,1.6975621129644506e-05,2019-01-24 11:21:00
2019-01-24 11:22:00,2.712359835916395e-05,2019-01-24 11:22:00
2019-01-24 11:23:00,2.136445083775013e-06,2019-01-24 11:23:00
2019-01-24 11:24:00,2.7738721991270515e-07,2019-01-24 11:24:00
2019-01-24 11:25:00,3.833026646526145e-06,2019-01-24 11:25:00
2019-01-24 11:26:00,3.9873489642934665e-06,2019-01-24 11:26:00
2019-01-24 11:27:00,6.549873690283106e-05,2019-01-24 11:27:00
2019-01-24 11:28:00,1.2881231661113558e-07,2019-01-24 11:28:00
2019-01-24 11:29:00,2.0784458668473827e-05,2019-01-24 11:29:00
2019-01-24 11:30:00,2.014948338284665e-05,2019-01-24 11:30:00
2019-01-24 11:31:00,1.0026688049331298e-07,2019-01-24 11:31:00
2019-01-24 11:32:00,1.8153043770473154e-06,2019-01-24 11:32:00
2019-01-24 11:33:00,1.914294927856101e-05,2019-01-24 11:33:00
2019-01-24 11:34:00,4.934143578969032e-05,2019-01-24 11:34:00
2019-01-24 11:35:00,2.105041298796559e-05,2019-01-24 11:35:00
2019-01-24 11:36:00,1.804429776313355e-05,2019-01-24 11:36:00
2019-01-24 11:37:00,6.555114302556702e-06,2019-01-24 11:37:00
2019-01-24 11:38:00,1.1231986019689824e-06,2019-01-24 11:38:00
2019-01-24 11:39:00,3.9262881367758776e-05,2019-01-24 11:39:00
2019-01-24 11:40:00,2.028948253002675e-05,2019-01-24 11:40:00
2019-01-24 11:41:00,1.2828530248580294e-06,2019-01-24 11:41:00
2019-01-24 11:42:00,7.527144200952164e-05,2019-01-24 11:42:00
2019-01-24 11:43:00,2.5752192961121538e-05,2019-01-24 11:43:00
2019-01-24 11:44:00,0.00016024699236435986,2019-01-24 11:44:00
2019-01-24 11:45:00,9.035092885619727e-05,2019-01-24 11:45:00
2019-01-24 11:46:00,1.0155393641774984e-05,2019-01-24 11:46:00
2019-01-24 11:47:00,3.1477940024166373e-05,2019-01-24 11:47:00
2019-01-24 11:48:00,1.1677396852856294e-05,2019-01-24 11:48:00
2019-01-24 11:49:00,3.165912421139748e-05,2019-01-24 11:49:00
2019-01-24 11:50:00,6.371874323005597e-05,2019-01-24 11:50:00
2019-01-24 11:51:00,7.741135744941254e-07,2019-01-24 11:51:00
2019-01-24 11:52:00,3.0355298544733865e-06,2019-01-24 11:52:00
2019-01-24 11:53:00,7.961490097194623e-05,2019-01-24 11:53:00
2019-01-24 11:54:00,0.0006553053309530778,2019-01-24 11:54:00
2019-01-24 11:55:00,0.0022428373439038916,2019-01-24 11:55:00
2019-01-24 11:56:00,0.002736260019844992,2019-01-24 11:56:00
2019-01-24 11:57:00,0.0006211752720635044,2019-01-24 11:57:00
2019-01-24 11:58:00,1.9721718820775323e-05,2019-01-24 11:58:00
2019-01-24 11:59:00,6.692572803840743e-05,2019-01-24 11:59:00
2019-01-24 12:00:00,0.00014054813290722797,2019-01-24 12:00:00
2019-01-24 12:01:00,8.407551189449883e-05,2019-01-24 12:01:00
2019-01-24 12:02:00,2.918335474745913e-06,2019-01-24 12:02:00
2019-01-24 12:03:00,0.00011851028137905655,2019-01-24 12:03:00
2019-01-24 12:04:00,4.2310279490256656e-05,2019-01-24 12:04:00
2019-01-24 12:05:00,0.0001280362779851736,2019-01-24 12:05:00
2019-01-24 12:06:00,0.00033768223142555115,2019-01-24 12:06:00
2019-01-24 12:07:00,0.00022974335812795936,2019-01-24 12:07:00
2019-01-24 12:08:00,9.507790206539945e-06,2019-01-24 12:08:00
2019-01-24 12:09:00,2.609291617457635e-05,2019-01-24 12:09:00
2019-01-24 12:10:00,1.4158615327463217e-05,2019-01-24 12:10:00
2019-01-24 12:11:00,0.00015029368538637658,2019-01-24 12:11:00
2019-01-24 12:12:00,5.660021562244727e-07,2019-01-24 12:12:00
2019-01-24 12:13:00,2.010370042219863e-06,2019-01-24 12:13:00
2019-01-24 12:14:00,4.769932802121066e-06,2019-01-24 12:14:00
2019-01-24 12:15:00,4.898799664007627e-06,2019-01-24 12:15:00
2019-01-24 12:16:00,2.7872451508775997e-06,2019-01-24 12:16:00
2019-01-24 12:17:00,2.7302115870506692e-05,2019-01-24 12:17:00
2019-01-24 12:18:00,6.366284462220956e-07,2019-01-24 12:18:00
2019-01-24 12:19:00,8.182330307821692e-08,2019-01-24 12:19:00
2019-01-24 12:20:00,2.7244641974140234e-07,2019-01-24 12:20:00
2019-01-24 12:21:00,5.206372913828893e-08,2019-01-24 12:21:00
2019-01-24 12:22:00,4.62676187800549e-05,2019-01-24 12:22:00
2019-01-24 12:23:00,5.759779226181091e-05,2019-01-24 12:23:00
2019-01-24 12:24:00,7.78177831877475e-08,2019-01-24 12:24:00
2019-01-24 12:25:00,0.00019511610913189843,2019-01-24 12:25:00
2019-01-24 12:26:00,0.00023349997726993958,2019-01-24 12:26:00
2019-01-24 12:27:00,1.1986356957327949e-05,2019-01-24 12:27:00
2019-01-24 12:28:00,8.713902521473844e-05,2019-01-24 12:28:00
2019-01-24 12:29:00,0.00012833500175968168,2019-01-24 12:29:00
2019-01-24 12:30:00,8.090449995672857e-05,2019-01-24 12:30:00
2019-01-24 12:31:00,5.11242790290173e-05,2019-01-24 12:31:00
2019-01-24 12:32:00,2.217910648581472e-07,2019-01-24 12:32:00
2019-01-24 12:33:00,0.00016306905675616542,2019-01-24 12:33:00
2019-01-24 12:34:00,1.7522528309601977e-05,2019-01-24 12:34:00
2019-01-24 12:35:00,9.734994997601194e-05,2019-01-24 12:35:00
2019-01-24 12:36:00,1.6635202140847327e-05,2019-01-24 12:36:00
2019-01-24 12:37:00,1.6599384640118203e-05,2019-01-24 12:37:00
2019-01-24 12:38:00,3.0999803581360323e-06,2019-01-24 12:38:00
2019-01-24 12:39:00,6.15481415907415e-05,2019-01-24 12:39:00
2019-01-24 12:40:00,1.5540794483267523e-06,2019-01-24 12:40:00
2019-01-24 12:41:00,8.92364370525799e-06,2019-01-24 12:41:00
2019-01-24 12:42:00,1.8117314421152054e-05,2019-01-24 12:42:00
2019-01-24 12:43:00,4.2729647519426136e-05,2019-01-24 12:43:00
2019-01-24 12:44:00,1.3148938848281023e-05,2019-01-24 12:44:00
2019-01-24 12:45:00,8.30236226475225e-05,2019-01-24 12:45:00
2019-01-24 12:46:00,0.00021207307390805973,2019-01-24 12:46:00
2019-01-24 12:47:00,7.325649137747581e-05,2019-01-24 12:47:00
2019-01-24 12:48:00,2.8347808443946717e-05,2019-01-24 12:48:00
2019-01-24 12:49:00,1.6395012878455087e-07,2019-01-24 12:49:00
2019-01-24 12:50:00,1.260191798358753e-06,2019-01-24 12:50:00
2019-01-24 12:51:00,2.2414657809533645e-07,2019-01-24 12:51:00
2019-01-24 12:52:00,1.846593894928607e-08,2019-01-24 12:52:00
2019-01-24 12:53:00,8.742344781899545e-07,2019-01-24 12:53:00
2019-01-24 12:54:00,2.6926894459453606e-06,2019-01-24 12:54:00
2019-01-24 12:55:00,9.338015065732204e-07,2019-01-24 12:55:00
2019-01-24 12:56:00,1.4408572891084541e-06,2019-01-24 12:56:00
2019-01-24 12:57:00,4.2386189051961777e-07,2019-01-24 12:57:00
2019-01-24 12:58:00,4.727301051653413e-05,2019-01-24 12:58:00
2019-01-24 12:59:00,7.449673088039715e-07,2019-01-24 12:59:00
2019-01-24 13:00:00,7.31683889248924e-05,2019-01-24 13:00:00
2019-01-24 13:01:00,4.559407020900151e-07,2019-01-24 13:01:00
2019-01-24 13:02:00,1.05326917707832,2019-01-24 13:02:00
2019-01-24 13:13:00,0.04092891433895222,2019-01-24 13:13:00
2019-01-24 13:14:00,0.042592443755716705,2019-01-24 13:14:00
2019-01-24 13:15:00,0.04403922777057154,2019-01-24 13:15:00
2019-01-24 13:16:00,2.067568397336085e-07,2019-01-24 13:16:00
2019-01-24 13:17:00,5.803952150915683e-10,2019-01-24 13:17:00
2019-01-24 13:18:00,1.711037842766588e-06,2019-01-24 13:18:00
2019-01-24 13:19:00,5.102856836832324e-05,2019-01-24 13:19:00
2019-01-24 13:20:00,6.592491308123822e-05,2019-01-24 13:20:00
2019-01-24 13:21:00,0.00023347210099290434,2019-01-24 13:21:00
2019-01-24 13:22:00,5.418917228582109e-06,2019-01-24 13:22:00
2019-01-24 13:23:00,0.00032127824321629,2019-01-24 13:23:00
2019-01-24 13:24:00,1.2490087283816614e-05,2019-01-24 13:24:00
2019-01-24 13:25:00,8.330021712638243e-06,2019-01-24 13:25:00
2019-01-24 13:26:00,0.0002797370404578005,2019-01-24 13:26:00
2019-01-24 13:27:00,0.0002784074464814163,2019-01-24 13:27:00
2019-01-24 13:28:00,0.000174868851813992,2019-01-24 13:28:00
2019-01-24 13:29:00,0.0001022016114140147,2019-01-24 13:29:00
2019-01-24 13:30:00,1.2314452867140902e-07,2019-01-24 13:30:00
2019-01-24 13:31:00,8.060785487710895e-09,2019-01-24 13:31:00
2019-01-24 13:32:00,1.6845681157868061e-07,2019-01-24 13:32:00
2019-01-24 13:33:00,2.1747262285271628e-07,2019-01-24 13:33:00
2019-01-24 13:34:00,5.92313974906601e-07,2019-01-24 13:34:00
2019-01-24 13:35:00,4.775015184483925e-05,2019-01-24 13:35:00
2019-01-24 13:36:00,0.00010966551380567833,2019-01-24 13:36:00
2019-01-24 13:37:00,9.93132731975837e-05,2019-01-24 13:37:00
2019-01-24 13:38:00,2.02894532514226e-05,2019-01-24 13:38:00
2019-01-24 13:39:00,2.7270795379927365e-05,2019-01-24 13:39:00
2019-01-24 13:40:00,0.000342672440898929,2019-01-24 13:40:00
2019-01-24 13:41:00,5.693269868556863e-05,2019-01-24 13:41:00
2019-01-24 13:42:00,2.7868156017965537e-07,2019-01-24 13:42:00
2019-01-24 13:43:00,3.6808008434877957e-07,2019-01-24 13:43:00
2019-01-24 13:44:00,1.9735448203994382e-05,2019-01-24 13:44:00
2019-01-24 13:45:00,2.127637921132145e-05,2019-01-24 13:45:00
2019-01-24 13:46:00,7.612243816103322e-10,2019-01-24 13:46:00
2019-01-24 13:47:00,1.3074500999695305e-06,2019-01-24 13:47:00
2019-01-24 13:48:00,8.262186912947828e-09,2019-01-24 13:48:00
2019-01-24 13:49:00,1.3007122217785138e-06,2019-01-24 13:49:00
2019-01-24 13:50:00,2.066773075781818e-08,2019-01-24 13:50:00
2019-01-24 13:51:00,3.205866547480618e-07,2019-01-24 13:51:00
2019-01-24 13:52:00,7.73414908729493e-08,2019-01-24 13:52:00
2019-01-24 13:53:00,1.7982543008014206e-05,2019-01-24 13:53:00
2019-01-24 13:54:00,3.001425025898741e-05,2019-01-24 13:54:00
2019-01-24 13:55:00,1.2186870416617032e-07,2019-01-24 13:55:00
2019-01-24 13:56:00,5.498416853908892e-06,2019-01-24 13:56:00
2019-01-24 13:57:00,1.9080801688471787e-06,2019-01-24 13:57:00
2019-01-24 13:58:00,3.522228343636768e-05,2019-01-24 13:58:00
2019-01-24 13:59:00,5.974135906385994e-08,2019-01-24 13:59:00
2019-01-24 14:00:00,1.3714792070083919e-05,2019-01-24 14:00:00
2019-01-24 14:01:00,1.2439813577114451e-05,2019-01-24 14:01:00
2019-01-24 14:02:00,4.138920892463546e-06,2019-01-24 14:02:00
2019-01-24 14:03:00,2.7684098691799868e-05,2019-01-24 14:03:00
2019-01-24 14:04:00,4.658632320450647e-05,2019-01-24 14:04:00
2019-01-24 14:05:00,0.00015955919305710015,2019-01-24 14:05:00
2019-01-24 14:06:00,1.4031699110922033e-05,2019-01-24 14:06:00
2019-01-24 14:07:00,3.497139327622124e-05,2019-01-24 14:07:00
2019-01-24 14:08:00,8.304550812169898e-06,2019-01-24 14:08:00
2019-01-24 14:09:00,2.3150563919273484e-05,2019-01-24 14:09:00
2019-01-24 14:10:00,2.1753917648076245e-06,2019-01-24 14:10:00
2019-01-24 14:11:00,2.1867487889501825e-05,2019-01-24 14:11:00
2019-01-24 14:12:00,9.870828050302387e-07,2019-01-24 14:12:00
2019-01-24 14:13:00,6.121700735126759e-05,2019-01-24 14:13:00
2019-01-24 14:14:00,1.5626530970303545e-05,2019-01-24 14:14:00
2019-01-24 14:15:00,0.0003006480815928978,2019-01-24 14:15:00
2019-01-24 14:16:00,0.00040836422681566346,2019-01-24 14:16:00
2019-01-24 14:17:00,0.0006367028768135295,2019-01-24 14:17:00
2019-01-24 14:18:00,2.718333413730294e-05,2019-01-24 14:18:00
2019-01-24 14:19:00,0.00022358099601213832,2019-01-24 14:19:00
2019-01-24 14:20:00,0.00015054274103168744,2019-01-24 14:20:00
2019-01-24 14:21:00,0.0002447413275061031,2019-01-24 14:21:00
2019-01-24 14:22:00,5.742669692691436,2019-01-24 14:22:00
2019-01-24 14:35:00,0.6803809237026525,2019-01-24 14:35:00
2019-01-24 14:36:00,0.011752317012406201,2019-01-24 14:36:00
2019-01-24 14:37:00,0.006345933116932042,2019-01-24 14:37:00
2019-01-24 14:38:00,3.333574406363853e-05,2019-01-24 14:38:00
2019-01-24 14:39:00,1.7523137462572416e-06,2019-01-24 14:39:00
2019-01-24 14:40:00,1.8343055644771234e-07,2019-01-24 14:40:00
2019-01-24 14:41:00,2.6237211412238803e-05,2019-01-24 14:41:00
2019-01-24 14:42:00,7.743604909676402e-05,2019-01-24 14:42:00
2019-01-24 14:43:00,1.8368870097314416,2019-01-24 14:43:00
2019-01-24 14:54:00,0.0741564355869095,2019-01-24 14:54:00
2019-01-24 14:55:00,0.07100493568863663,2019-01-24 14:55:00
2019-01-24 14:56:00,0.07608931848092416,2019-01-24 14:56:00
2019-01-24 14:57:00,1.4346373566485564e-06,2019-01-24 14:57:00
2019-01-24 14:58:00,7.268320281256187e-06,2019-01-24 14:58:00
2019-01-24 14:59:00,1.5434574321903195e-05,2019-01-24 14:59:00
2019-01-24 15:00:00,9.47898773159891e-06,2019-01-24 15:00:00
2019-01-24 15:01:00,3.615181879669565e-07,2019-01-24 15:01:00
2019-01-24 15:02:00,7.736559821965604e-06,2019-01-24 15:02:00
2019-01-24 15:03:00,5.529069729820814e-06,2019-01-24 15:03:00
2019-01-24 15:04:00,8.853571388975046e-06,2019-01-24 15:04:00
2019-01-24 15:05:00,1.9528484956936594e-07,2019-01-24 15:05:00
2019-01-24 15:06:00,6.227528768770255e-05,2019-01-24 15:06:00
2019-01-24 15:07:00,2.6258867613839993e-08,2019-01-24 15:07:00
2019-01-24 15:08:00,1.010851649265767e-07,2019-01-24 15:08:00
2019-01-24 15:09:00,2.2191624606808443e-06,2019-01-24 15:09:00
2019-01-24 15:10:00,2.257613092222268e-05,2019-01-24 15:10:00
2019-01-24 15:11:00,3.402695983193566e-08,2019-01-24 15:11:00
2019-01-24 15:12:00,2.6520804709213324e-05,2019-01-24 15:12:00
2019-01-24 15:13:00,2.4540687095610774e-06,2019-01-24 15:13:00
2019-01-24 15:14:00,8.94434562034688e-05,2019-01-24 15:14:00
2019-01-24 15:15:00,2.4945809637497086e-08,2019-01-24 15:15:00
2019-01-24 15:16:00,0.00016119665630710798,2019-01-24 15:16:00
2019-01-24 15:17:00,5.9701469778963624e-05,2019-01-24 15:17:00
2019-01-24 15:18:00,5.4904931238952035e-05,2019-01-24 15:18:00
2019-01-24 15:19:00,1.6427425647005426e-06,2019-01-24 15:19:00
2019-01-24 15:20:00,2.0138677881640106e-05,2019-01-24 15:20:00
2019-01-24 15:21:00,2.9402623859179184e-05,2019-01-24 15:21:00
2019-01-24 15:22:00,8.485865759726656e-06,2019-01-24 15:22:00
2019-01-24 15:23:00,7.1586649737399e-07,2019-01-24 15:23:00
2019-01-24 15:24:00,1.3248054698801057e-05,2019-01-24 15:24:00
2019-01-24 15:25:00,1.9979147555813047e-05,2019-01-24 15:25:00
2019-01-24 15:26:00,0.000247381445927015,2019-01-24 15:26:00
2019-01-24 15:27:00,0.0003611668017349039,2019-01-24 15:27:00
2019-01-24 15:28:00,7.348051883047552e-05,2019-01-24 15:28:00
2019-01-24 15:29:00,2.2405335115782488e-05,2019-01-24 15:29:00
2019-01-24 15:30:00,7.502126542363637e-05,2019-01-24 15:30:00
2019-01-24 15:31:00,0.0002941142211449421,2019-01-24 15:31:00
2019-01-24 15:32:00,5.797326427264699e-05,2019-01-24 15:32:00
2019-01-24 15:33:00,0.0005353366878645165,2019-01-24 15:33:00
2019-01-24 15:34:00,0.0001200851254344529,2019-01-24 15:34:00
2019-01-24 15:35:00,1.4035804704132919e-05,2019-01-24 15:35:00
2019-01-24 15:36:00,7.705382810678556e-06,2019-01-24 15:36:00
2019-01-24 15:37:00,4.973680235111245e-05,2019-01-24 15:37:00
2019-01-24 15:38:00,2.2162977794815353e-05,2019-01-24 15:38:00
2019-01-24 15:39:00,0.00034703334627925176,2019-01-24 15:39:00
2019-01-24 15:40:00,0.00019912561420447022,2019-01-24 15:40:00
2019-01-24 15:41:00,7.979269023591957e-05,2019-01-24 15:41:00
2019-01-24 15:42:00,0.01273118188917882,2019-01-24 15:42:00
2019-01-24 15:43:00,0.021668468507435926,2019-01-24 15:43:00
2019-01-24 15:44:00,0.020074684507100996,2019-01-24 15:44:00
2019-01-24 15:45:00,0.3530929396015551,2019-01-24 15:45:00
2019-01-24 15:46:00,0.0054943305770247764,2019-01-24 15:46:00
2019-01-24 15:47:00,0.014131275230411848,2019-01-24 15:47:00
2019-01-24 15:48:00,0.2525822336190994,2019-01-24 15:48:00
2019-01-24 15:49:00,0.03536101126356673,2019-01-24 15:49:00
2019-01-24 15:50:00,0.0031660336335435253,2019-01-24 15:50:00
2019-01-24 15:51:00,0.0007012630381158473,2019-01-24 15:51:00
2019-01-24 15:52:00,0.0004062326661603946,2019-01-24 15:52:00
2019-01-24 15:53:00,0.0005136078931869717,2019-01-24 15:53:00
2019-01-24 15:54:00,0.0004944752017074391,2019-01-24 15:54:00
2019-01-24 15:55:00,0.0001660924720364608,2019-01-24 15:55:00
2019-01-24 15:56:00,0.0001072787024052162,2019-01-24 15:56:00
2019-01-24 15:57:00,0.00013121430859156554,2019-01-24 15:57:00
2019-01-24 15:58:00,1.2804933120061887e-05,2019-01-24 15:58:00
2019-01-24 15:59:00,1.6692751250507397e-06,2019-01-24 15:59:00
2019-01-24 16:00:00,3.2516676799034444e-05,2019-01-24 16:00:00
2019-01-24 16:01:00,6.02539445934303e-07,2019-01-24 16:01:00
2019-01-24 16:02:00,1.860320524592173e-05,2019-01-24 16:02:00
2019-01-24 16:03:00,8.661862097960479e-07,2019-01-24 16:03:00
2019-01-24 16:04:00,7.1888642744496116e-06,2019-01-24 16:04:00
2019-01-24 16:05:00,5.385595506016014e-06,2019-01-24 16:05:00
2019-01-24 16:06:00,7.218135682477968e-05,2019-01-24 16:06:00
2019-01-24 16:07:00,4.913334654753561e-07,2019-01-24 16:07:00
2019-01-24 16:08:00,2.260680171004512e-06,2019-01-24 16:08:00
2019-01-24 16:09:00,0.00010118360331350744,2019-01-24 16:09:00
2019-01-24 16:10:00,1.8832883190803764e-05,2019-01-24 16:10:00
2019-01-24 16:11:00,9.497632599000926e-06,2019-01-24 16:11:00
2019-01-24 16:12:00,0.0001663020541292973,2019-01-24 16:12:00
2019-01-24 16:13:00,1.3416304412922299e-05,2019-01-24 16:13:00
2019-01-24 16:14:00,1.685693343385705e-05,2019-01-24 16:14:00
2019-01-24 16:15:00,3.177557645872573e-06,2019-01-24 16:15:00
2019-01-24 16:16:00,3.013326512989218e-05,2019-01-24 16:16:00
2019-01-24 16:17:00,0.43401335776401934,2019-01-24 16:17:00
2019-01-24 16:22:00,169.30526616527047,2019-01-24 16:22:00
2019-01-24 16:23:00,3.4937814990196268,2019-01-24 16:23:00
2019-01-24 16:24:00,11.742509158468122,2019-01-24 16:24:00
2019-01-24 16:25:00,861.2744544117447,2019-01-24 16:25:00
2019-01-24 16:26:00,0.018506512778781115,2019-01-24 16:26:00
2019-01-24 16:27:00,2.953152347429952,2019-01-24 16:27:00
2019-01-24 16:38:00,0.18090945314403833,2019-01-24 16:38:00
2019-01-24 16:39:00,0.13727230326509593,2019-01-24 16:39:00
2019-01-24 16:40:00,0.13564080123817854,2019-01-24 16:40:00
2019-01-24 16:41:00,1.7139949743573117e-06,2019-01-24 16:41:00
2019-01-24 16:42:00,4.437245860537308e-06,2019-01-24 16:42:00
2019-01-24 16:43:00,2.9360559172508474e-05,2019-01-24 16:43:00
2019-01-24 16:44:00,2.1436793283261036e-09,2019-01-24 16:44:00
2019-01-24 16:45:00,1.1260420957621831e-05,2019-01-24 16:45:00
2019-01-24 16:46:00,7.129643572407141e-06,2019-01-24 16:46:00
2019-01-24 16:47:00,2.377293304204221e-05,2019-01-24 16:47:00
2019-01-24 16:48:00,8.59588889092691e-09,2019-01-24 16:48:00
2019-01-24 16:49:00,5.146052252552284e-06,2019-01-24 16:49:00
2019-01-24 16:50:00,2.90702530823266e-05,2019-01-24 16:50:00
2019-01-24 16:51:00,9.174765119247743e-06,2019-01-24 16:51:00
2019-01-24 16:52:00,1.9745106998961132e-05,2019-01-24 16:52:00
2019-01-24 16:53:00,4.236090500694496e-06,2019-01-24 16:53:00
2019-01-24 16:54:00,5.446545651162589e-06,2019-01-24 16:54:00
2019-01-24 16:55:00,2.2688808382884765e-05,2019-01-24 16:55:00
2019-01-24 16:56:00,7.852157698023188e-07,2019-01-24 16:56:00
2019-01-24 16:57:00,5.744853869554374e-05,2019-01-24 16:57:00
2019-01-24 16:58:00,3.200387496865175e-06,2019-01-24 16:58:00
2019-01-24 16:59:00,3.296278432199987e-05,2019-01-24 16:59:00
2019-01-24 17:00:00,8.126632679287186e-05,2019-01-24 17:00:00
2019-01-24 17:01:00,5.379752333783094e-05,2019-01-24 17:01:00
2019-01-24 17:02:00,5.265190280040477e-06,2019-01-24 17:02:00
2019-01-24 17:03:00,0.0001886957867294913,2019-01-24 17:03:00
2019-01-24 17:04:00,2.691066196242859e-06,2019-01-24 17:04:00
2019-01-24 17:05:00,5.662723863598018e-05,2019-01-24 17:05:00
2019-01-24 17:06:00,1.0876950474380634e-05,2019-01-24 17:06:00
2019-01-24 17:07:00,2.5526694535839044e-05,2019-01-24 17:07:00
2019-01-24 17:08:00,1.5554030458753206e-06,2019-01-24 17:08:00
2019-01-24 17:09:00,1.2941214214427412e-07,2019-01-24 17:09:00
2019-01-24 17:10:00,8.70543651931487e-07,2019-01-24 17:10:00
2019-01-24 17:11:00,5.757341512718163e-07,2019-01-24 17:11:00
2019-01-24 17:12:00,6.129175533227e-06,2019-01-24 17:12:00
2019-01-24 17:13:00,7.795469031082558e-05,2019-01-24 17:13:00
2019-01-24 17:14:00,0.00019027137923534709,2019-01-24 17:14:00
2019-01-24 17:15:00,4.150338090551638e-05,2019-01-24 17:15:00
2019-01-24 17:16:00,3.589248718314462e-05,2019-01-24 17:16:00
2019-01-24 17:17:00,0.0002932673927861533,2019-01-24 17:17:00
2019-01-24 17:18:00,0.00027727706518018886,2019-01-24 17:18:00
2019-01-24 17:19:00,9.341742190332642e-05,2019-01-24 17:19:00
2019-01-24 17:20:00,1.4050331516066838e-08,2019-01-24 17:20:00
2019-01-24 17:21:00,1.1187194596695992e-05,2019-01-24 17:21:00
2019-01-24 17:22:00,4.916051955476038e-05,2019-01-24 17:22:00
2019-01-24 17:23:00,1.0469764630230117e-06,2019-01-24 17:23:00
2019-01-24 17:24:00,2.037268256247725e-05,2019-01-24 17:24:00
2019-01-24 17:25:00,2.925888912228081e-05,2019-01-24 17:25:00
2019-01-24 17:26:00,2.8095845614763353e-06,2019-01-24 17:26:00
2019-01-24 17:27:00,1.211164318033631e-05,2019-01-24 17:27:00
2019-01-24 17:28:00,5.136607383159749e-06,2019-01-24 17:28:00
2019-01-24 17:29:00,1.1651950976594239e-05,2019-01-24 17:29:00
2019-01-24 17:30:00,7.237162977479383e-05,2019-01-24 17:30:00
2019-01-24 17:31:00,0.00017466293241726389,2019-01-24 17:31:00
2019-01-24 17:32:00,6.517411106254626e-09,2019-01-24 17:32:00
2019-01-24 17:33:00,3.098572331867111e-08,2019-01-24 17:33:00
2019-01-24 17:34:00,1.3935242216047223e-07,2019-01-24 17:34:00
2019-01-24 17:35:00,3.6245680462500063e-06,2019-01-24 17:35:00
2019-01-24 17:36:00,0.0001530010098992977,2019-01-24 17:36:00
2019-01-24 17:37:00,0.0008944859653616733,2019-01-24 17:37:00
2019-01-24 17:38:00,0.00026047783078665107,2019-01-24 17:38:00
2019-01-24 17:39:00,0.0027102516892696833,2019-01-24 17:39:00
2019-01-24 17:40:00,3.3974177244893686e-05,2019-01-24 17:40:00
2019-01-24 17:41:00,1.408012668238953e-06,2019-01-24 17:41:00
2019-01-24 17:42:00,3.007280706207444e-05,2019-01-24 17:42:00
2019-01-24 17:43:00,4.917599313521496e-05,2019-01-24 17:43:00
2019-01-24 17:44:00,3.952892727441908e-06,2019-01-24 17:44:00
2019-01-24 17:45:00,1.7924562400672121e-06,2019-01-24 17:45:00
2019-01-24 17:46:00,2.2358351373216694e-06,2019-01-24 17:46:00
2019-01-24 17:47:00,3.2298537394523077e-06,2019-01-24 17:47:00
2019-01-24 17:48:00,3.2990901031836673e-06,2019-01-24 17:48:00
2019-01-24 17:49:00,6.801446050723361e-07,2019-01-24 17:49:00
2019-01-24 17:50:00,3.4869590743104974e-07,2019-01-24 17:50:00
2019-01-24 17:51:00,9.256913042255646e-05,2019-01-24 17:51:00
2019-01-24 17:52:00,0.0007256808316071101,2019-01-24 17:52:00
2019-01-24 17:53:00,0.0005051746518432947,2019-01-24 17:53:00
2019-01-24 17:54:00,7.976308291142664e-05,2019-01-24 17:54:00
2019-01-24 17:55:00,6.34310395143766e-08,2019-01-24 17:55:00
2019-01-24 17:56:00,0.0003298955484744665,2019-01-24 17:56:00
2019-01-24 17:57:00,0.000386322987262061,2019-01-24 17:57:00
2019-01-24 17:58:00,2.8280194048901176e-06,2019-01-24 17:58:00
2019-01-24 17:59:00,0.0002576806843126808,2019-01-24 17:59:00
2019-01-24 18:00:00,1.3712831445146246e-05,2019-01-24 18:00:00
2019-01-24 18:01:00,0.00011945593334366767,2019-01-24 18:01:00
2019-01-24 18:02:00,4.762835169457773e-06,2019-01-24 18:02:00
2019-01-24 18:03:00,1.187289734377437e-05,2019-01-24 18:03:00
2019-01-24 18:04:00,6.902916216745692e-05,2019-01-24 18:04:00
2019-01-24 18:05:00,1.543905271512825e-05,2019-01-24 18:05:00
2019-01-24 18:06:00,5.596625302498438e-06,2019-01-24 18:06:00
2019-01-24 18:07:00,1.7230175394580884e-06,2019-01-24 18:07:00
2019-01-24 18:08:00,1.2457230884820219e-05,2019-01-24 18:08:00
2019-01-24 18:09:00,2.19936545037318e-05,2019-01-24 18:09:00
2019-01-24 18:10:00,5.635492689096521e-06,2019-01-24 18:10:00
2019-01-24 18:11:00,2.444253794122531e-05,2019-01-24 18:11:00
2019-01-24 18:12:00,5.7871521828250345e-05,2019-01-24 18:12:00
2019-01-24 18:13:00,9.585911789464144e-06,2019-01-24 18:13:00
2019-01-24 18:14:00,3.853329552343974e-06,2019-01-24 18:14:00
2019-01-24 18:15:00,1.0685072570342437e-05,2019-01-24 18:15:00
2019-01-24 18:16:00,5.112243767010358e-06,2019-01-24 18:16:00
2019-01-24 18:17:00,1.3469670758545835,2019-01-24 18:17:00
2019-01-24 18:19:00,166.07342718527113,2019-01-24 18:19:00
2019-01-24 18:20:00,2166.4170612231287,2019-01-24 18:20:00
2019-01-24 18:21:00,2040.8380926696366,2019-01-24 18:21:00
2019-01-24 18:22:00,17123.91175973532,2019-01-24 18:22:00
2019-01-24 18:23:00,37502.216552042155,2019-01-24 18:23:00
2019-01-24 18:28:00,0.054165786553494875,2019-01-24 18:28:00
2019-01-24 18:29:00,0.054062932825867105,2019-01-24 18:29:00
2019-01-24 18:30:00,0.05543206976983793,2019-01-24 18:30:00
2019-01-24 18:31:00,1.0752723560121747e-05,2019-01-24 18:31:00
2019-01-24 18:32:00,3.892391642110929e-07,2019-01-24 18:32:00
2019-01-24 18:33:00,2.8239645640632387e-07,2019-01-24 18:33:00
2019-01-24 18:34:00,2.34946215187469e-06,2019-01-24 18:34:00
2019-01-24 18:35:00,9.219356092495945e-06,2019-01-24 18:35:00
2019-01-24 18:36:00,1.9931736563597928e-05,2019-01-24 18:36:00
2019-01-24 18:37:00,1.8125203340316767e-07,2019-01-24 18:37:00
2019-01-24 18:38:00,1.8797473892315532e-06,2019-01-24 18:38:00
2019-01-24 18:39:00,2.2211471179090778e-05,2019-01-24 18:39:00
2019-01-24 18:40:00,3.714739022684431e-05,2019-01-24 18:40:00
2019-01-24 18:41:00,2.6033534679720132e-05,2019-01-24 18:41:00
2019-01-24 18:42:00,0.0002049994798607708,2019-01-24 18:42:00
2019-01-24 18:43:00,4.272850052500204e-05,2019-01-24 18:43:00
2019-01-24 18:44:00,0.0001372530376826539,2019-01-24 18:44:00
2019-01-24 18:45:00,4.533575789605546e-05,2019-01-24 18:45:00
2019-01-24 18:46:00,0.0003349615798074801,2019-01-24 18:46:00
2019-01-24 18:47:00,6.366161571042847e-05,2019-01-24 18:47:00
2019-01-24 18:48:00,3.591763539746814e-05,2019-01-24 18:48:00
2019-01-24 18:49:00,0.00013469231603429544,2019-01-24 18:49:00
2019-01-24 18:50:00,5.05348418638202e-08,2019-01-24 18:50:00
2019-01-24 18:51:00,8.052496893727573e-05,2019-01-24 18:51:00
2019-01-24 18:52:00,2.23951258092685e-06,2019-01-24 18:52:00
2019-01-24 18:53:00,3.1604979721469836e-05,2019-01-24 18:53:00
2019-01-24 18:54:00,0.00023692968409353506,2019-01-24 18:54:00
2019-01-24 18:55:00,0.00016260127611912833,2019-01-24 18:55:00
2019-01-24 18:56:00,2.2823008280071644e-05,2019-01-24 18:56:00
2019-01-24 18:57:00,0.00017445458765207966,2019-01-24 18:57:00
2019-01-24 18:58:00,4.5693250659198785e-05,2019-01-24 18:58:00
2019-01-24 18:59:00,1.9231159103655855e-06,2019-01-24 18:59:00
2019-01-24 19:00:00,9.504502463347944e-05,2019-01-24 19:00:00
2019-01-24 19:01:00,8.435786264796676e-07,2019-01-24 19:01:00
2019-01-24 19:02:00,0.33036283899350716,2019-01-24 19:02:00
2019-01-24 19:03:00,40.67543684136692,2019-01-24 19:03:00
2019-01-24 19:04:00,37.99473358461793,2019-01-24 19:04:00
2019-01-24 19:05:00,53.58059888702277,2019-01-24 19:05:00
2019-01-24 19:06:00,0.00206571213701494,2019-01-24 19:06:00
2019-01-24 19:07:00,107.94790024889137,2019-01-24 19:07:00
2019-01-24 19:08:00,2.846306024005363,2019-01-24 19:08:00
2019-01-24 19:09:00,3.201113127723148,2019-01-24 19:09:00
2019-01-24 19:10:00,366.66721303007455,2019-01-24 19:10:00
2019-01-24 19:11:00,0.014740151200152853,2019-01-24 19:11:00
2019-01-24 19:12:00,0.016548666936829357,2019-01-24 19:12:00
2019-01-24 19:13:00,0.0113379370227965,2019-01-24 19:13:00
2019-01-24 19:14:00,0.010440255543801865,2019-01-24 19:14:00
2019-01-24 19:15:00,0.01453192603368975,2019-01-24 19:15:00
2019-01-24 19:16:00,4.968621365363006e-06,2019-01-24 19:16:00
2019-01-24 19:17:00,4.047404088080908e-08,2019-01-24 19:17:00
2019-01-24 19:18:00,0.00011733754026437197,2019-01-24 19:18:00
2019-01-24 19:19:00,4.6049650582868766e-06,2019-01-24 19:19:00
2019-01-24 19:20:00,0.00012133490342619086,2019-01-24 19:20:00
2019-01-24 19:21:00,1.9904971690972498e-05,2019-01-24 19:21:00
2019-01-24 19:22:00,0.00015365713443026883,2019-01-24 19:22:00
2019-01-24 19:23:00,5.58578394653127e-06,2019-01-24 19:23:00
2019-01-24 19:24:00,0.0001004290811416168,2019-01-24 19:24:00
2019-01-24 19:25:00,8.29042444687802e-05,2019-01-24 19:25:00
2019-01-24 19:26:00,9.928994100216065e-05,2019-01-24 19:26:00
2019-01-24 19:27:00,2.6379800392064668e-05,2019-01-24 19:27:00
2019-01-24 19:28:00,0.00011250452213557418,2019-01-24 19:28:00
2019-01-24 19:29:00,2.331884266267994e-06,2019-01-24 19:29:00
2019-01-24 19:30:00,9.274265972417919e-08,2019-01-24 19:30:00
2019-01-24 19:31:00,3.8794635592676975e-05,2019-01-24 19:31:00
2019-01-24 19:32:00,6.589459104742365e-06,2019-01-24 19:32:00
2019-01-24 19:33:00,1.5035706744514854e-05,2019-01-24 19:33:00
2019-01-24 19:34:00,1.886140002699345e-05,2019-01-24 19:34:00
2019-01-24 19:35:00,2.2212558522358713e-05,2019-01-24 19:35:00
2019-01-24 19:36:00,2.3363903148676515e-05,2019-01-24 19:36:00
2019-01-24 19:37:00,7.564016407139131e-06,2019-01-24 19:37:00
2019-01-24 19:38:00,3.6002574951059796e-05,2019-01-24 19:38:00
2019-01-24 19:39:00,2.8141380416295843e-05,2019-01-24 19:39:00
2019-01-24 19:40:00,0.0006216174599967392,2019-01-24 19:40:00
2019-01-24 19:41:00,1.0742417163058324e-05,2019-01-24 19:41:00
2019-01-24 19:42:00,0.00011025114012950163,2019-01-24 19:42:00
2019-01-24 19:43:00,0.00021081153834556036,2019-01-24 19:43:00
2019-01-24 19:44:00,0.00010232122920019856,2019-01-24 19:44:00
2019-01-24 19:45:00,0.0002366014413216833,2019-01-24 19:45:00
2019-01-24 19:46:00,0.00018967657433687296,2019-01-24 19:46:00
2019-01-24 19:47:00,1.374342216480531e-05,2019-01-24 19:47:00
2019-01-24 19:48:00,1.464824346754383,2019-01-24 19:48:00
2019-01-24 19:49:00,169.92749377261129,2019-01-24 19:49:00
2019-01-24 19:50:00,332.50196610826606,2019-01-24 19:50:00
2019-01-24 19:51:00,84.47521710498712,2019-01-24 19:51:00
2019-01-24 19:52:00,128.27435157565537,2019-01-24 19:52:00
2019-01-24 19:53:00,49.893053511150896,2019-01-24 19:53:00
2019-01-24 19:54:00,234.23555139643796,2019-01-24 19:54:00
2019-01-24 19:55:00,272.8114339128956,2019-01-24 19:55:00
2019-01-24 19:56:00,4463.495250843276,2019-01-24 19:56:00
2019-01-24 19:57:00,0.00189799315223913,2019-01-24 19:57:00
2019-01-24 19:58:00,0.12272758793645926,2019-01-24 19:58:00
2019-01-24 19:59:00,0.20600921764274596,2019-01-24 19:59:00
2019-01-24 20:00:00,4.587333166836497,2019-01-24 20:00:00
2019-01-24 20:01:00,0.8553511085130092,2019-01-24 20:01:00
2019-01-24 20:02:00,0.08375227349590547,2019-01-24 20:02:00
2019-01-24 20:03:00,0.028010767604095533,2019-01-24 20:03:00
2019-01-24 20:04:00,0.018620012855024414,2019-01-24 20:04:00
2019-01-24 20:05:00,0.0018536435034301611,2019-01-24 20:05:00
2019-01-24 20:06:00,0.0003239694644645656,2019-01-24 20:06:00
2019-01-24 20:07:00,0.00027287327646097616,2019-01-24 20:07:00
2019-01-24 20:08:00,0.00014887179826166352,2019-01-24 20:08:00
2019-01-24 20:09:00,2.7985397638403796e-05,2019-01-24 20:09:00
2019-01-24 20:10:00,1.1148542270290917e-05,2019-01-24 20:10:00
2019-01-24 20:11:00,4.699964597269041e-06,2019-01-24 20:11:00
2019-01-24 20:12:00,0.21977159811228147,2019-01-24 20:12:00
2019-01-24 20:13:00,69.4611081026833,2019-01-24 20:13:00
2019-01-24 20:14:00,290.66064444958795,2019-01-24 20:14:00
2019-01-24 20:15:00,421.2246937242029,2019-01-24 20:15:00
2019-01-24 20:16:00,44.30157305109182,2019-01-24 20:16:00
2019-01-24 20:17:00,57.69751362514592,2019-01-24 20:17:00
2019-01-24 20:18:00,11.53798318000702,2019-01-24 20:18:00
2019-01-24 20:19:00,1.803178783529797,2019-01-24 20:19:00
2019-01-24 20:20:00,36.302191921317345,2019-01-24 20:20:00
2019-01-24 20:21:00,0.00652522065308757,2019-01-24 20:21:00
2019-01-24 20:22:00,0.007122046966698182,2019-01-24 20:22:00
2019-01-24 20:23:00,0.008209505634683579,2019-01-24 20:23:00
2019-01-24 20:24:00,0.008840808581868155,2019-01-24 20:24:00
2019-01-24 20:25:00,0.009507753239106707,2019-01-24 20:25:00
2019-01-24 20:26:00,8.299303575349453e-07,2019-01-24 20:26:00
2019-01-24 20:27:00,2.684839714207659e-07,2019-01-24 20:27:00
2019-01-24 20:28:00,6.735400771726197e-06,2019-01-24 20:28:00
2019-01-24 20:29:00,5.749346411890542e-06,2019-01-24 20:29:00
2019-01-24 20:30:00,6.263062043172212e-06,2019-01-24 20:30:00
2019-01-24 20:31:00,2.6674697256937493e-05,2019-01-24 20:31:00
2019-01-24 20:32:00,2.976667422123297e-06,2019-01-24 20:32:00
2019-01-24 20:33:00,4.829354113361327e-06,2019-01-24 20:33:00
2019-01-24 20:34:00,3.93196279343986e-05,2019-01-24 20:34:00
2019-01-24 20:35:00,4.722262570747108e-05,2019-01-24 20:35:00
2019-01-24 20:36:00,2.0403057341122437e-06,2019-01-24 20:36:00
2019-01-24 20:37:00,1.114722886919429e-08,2019-01-24 20:37:00
2019-01-24 20:38:00,3.079201936391495e-05,2019-01-24 20:38:00
2019-01-24 20:39:00,1.4286162785494024e-06,2019-01-24 20:39:00
2019-01-24 20:40:00,2.324652088210953e-06,2019-01-24 20:40:00
2019-01-24 20:41:00,3.9579197359888376e-05,2019-01-24 20:41:00
2019-01-24 20:42:00,5.676779988694005e-06,2019-01-24 20:42:00
2019-01-24 20:43:00,3.864303147684486e-05,2019-01-24 20:43:00
2019-01-24 20:44:00,8.877973682029001e-05,2019-01-24 20:44:00
2019-01-24 20:45:00,2.366281777015859e-05,2019-01-24 20:45:00
2019-01-24 20:46:00,2.0200383637328293e-06,2019-01-24 20:46:00
2019-01-24 20:47:00,7.235620926014714e-05,2019-01-24 20:47:00
2019-01-24 20:48:00,4.175259220360115e-07,2019-01-24 20:48:00
2019-01-24 20:49:00,3.917491698637555e-05,2019-01-24 20:49:00
2019-01-24 20:50:00,1.4217864629817184e-05,2019-01-24 20:50:00
2019-01-24 20:51:00,8.944564402828091e-10,2019-01-24 20:51:00
2019-01-24 20:52:00,3.1208411683370936e-05,2019-01-24 20:52:00
2019-01-24 20:53:00,4.703742213565021e-06,2019-01-24 20:53:00
2019-01-24 20:54:00,6.169577697243965e-06,2019-01-24 20:54:00
2019-01-24 20:55:00,3.0426244079642446e-05,2019-01-24 20:55:00
2019-01-24 20:56:00,0.00016522923994316966,2019-01-24 20:56:00
2019-01-24 20:57:00,5.688555961373526e-06,2019-01-24 20:57:00
2019-01-24 20:58:00,5.880202610763201e-06,2019-01-24 20:58:00
2019-01-24 20:59:00,2.9807449065363123e-05,2019-01-24 20:59:00
2019-01-24 21:00:00,5.1238022374179594e-06,2019-01-24 21:00:00
2019-01-24 21:01:00,7.087032258786799e-05,2019-01-24 21:01:00
2019-01-24 21:02:00,0.0001174454886574612,2019-01-24 21:02:00
2019-01-24 21:03:00,4.1429680527104144e-05,2019-01-24 21:03:00
2019-01-24 21:04:00,1.625698590314414e-05,2019-01-24 21:04:00
2019-01-24 21:05:00,4.7910204353328095e-06,2019-01-24 21:05:00
2019-01-24 21:06:00,8.583662588231608e-06,2019-01-24 21:06:00
2019-01-24 21:07:00,3.720426548096666e-05,2019-01-24 21:07:00
2019-01-24 21:08:00,2.3272115546208615e-05,2019-01-24 21:08:00
2019-01-24 21:09:00,9.386672823267072e-06,2019-01-24 21:09:00
2019-01-24 21:10:00,4.5750557745974934e-08,2019-01-24 21:10:00
2019-01-24 21:11:00,2.1839813920107607e-05,2019-01-24 21:11:00
2019-01-24 21:12:00,7.44470233336078e-05,2019-01-24 21:12:00
2019-01-24 21:13:00,5.6175757529740166e-05,2019-01-24 21:13:00
2019-01-24 21:14:00,0.00017094335212752506,2019-01-24 21:14:00
2019-01-24 21:15:00,2.8132118791046814e-05,2019-01-24 21:15:00
2019-01-24 21:16:00,3.2019739416178135e-10,2019-01-24 21:16:00
2019-01-24 21:17:00,0.00013650486124881306,2019-01-24 21:17:00
2019-01-24 21:18:00,2.9390935810518935e-05,2019-01-24 21:18:00
2019-01-24 21:19:00,0.0003199285327830229,2019-01-24 21:19:00
2019-01-24 21:20:00,0.00043865697022923907,2019-01-24 21:20:00
2019-01-24 21:21:00,0.000131257361478756,2019-01-24 21:21:00
2019-01-24 21:22:00,0.00011954016231425981,2019-01-24 21:22:00
2019-01-24 21:23:00,0.0003619667633515749,2019-01-24 21:23:00
2019-01-24 21:24:00,0.0009061150528609816,2019-01-24 21:24:00
2019-01-24 21:25:00,7.637234901587828e-05,2019-01-24 21:25:00
2019-01-24 21:26:00,5.2569777781366545e-05,2019-01-24 21:26:00
2019-01-24 21:27:00,9.974506634458101e-05,2019-01-24 21:27:00
2019-01-24 21:28:00,0.00010392490457232262,2019-01-24 21:28:00
2019-01-24 21:29:00,2.819357363649015e-07,2019-01-24 21:29:00
2019-01-24 21:30:00,0.00028651597587908033,2019-01-24 21:30:00
2019-01-24 21:31:00,0.00013373428452120802,2019-01-24 21:31:00
2019-01-24 21:32:00,4.692070850384773e-07,2019-01-24 21:32:00
2019-01-24 21:33:00,0.00010976059979980292,2019-01-24 21:33:00
2019-01-24 21:34:00,3.772440432265758e-05,2019-01-24 21:34:00
2019-01-24 21:35:00,8.603450449100362e-05,2019-01-24 21:35:00
2019-01-24 21:36:00,3.5948656008797642e-06,2019-01-24 21:36:00
2019-01-24 21:37:00,0.00019070924699934584,2019-01-24 21:37:00
2019-01-24 21:38:00,1.5451000370979203e-05,2019-01-24 21:38:00
2019-01-24 21:39:00,0.00026831551543630316,2019-01-24 21:39:00
2019-01-24 21:40:00,6.759290626862457e-05,2019-01-24 21:40:00
2019-01-24 21:41:00,0.0003442548136057683,2019-01-24 21:41:00
2019-01-24 21:42:00,1.9911638508640444e-05,2019-01-24 21:42:00
2019-01-24 21:43:00,1.7908637933616703e-06,2019-01-24 21:43:00
2019-01-24 21:44:00,0.0002998166555134007,2019-01-24 21:44:00
2019-01-24 21:45:00,6.311702858427535e-07,2019-01-24 21:45:00
2019-01-24 21:46:00,0.0013716414684811096,2019-01-24 21:46:00
2019-01-24 21:47:00,0.0024731392499815954,2019-01-24 21:47:00
2019-01-24 21:48:00,0.0007680673590159963,2019-01-24 21:48:00
2019-01-24 21:49:00,0.0001242565184158691,2019-01-24 21:49:00
2019-01-24 21:50:00,0.00013271599082287263,2019-01-24 21:50:00
2019-01-24 21:51:00,2.558863139592637e-06,2019-01-24 21:51:00
2019-01-24 21:52:00,0.0006576035370962106,2019-01-24 21:52:00
2019-01-24 21:53:00,0.00023327112013522995,2019-01-24 21:53:00
2019-01-24 21:54:00,4.540162558277191e-05,2019-01-24 21:54:00
2019-01-24 21:55:00,0.0012461044963876086,2019-01-24 21:55:00
2019-01-24 21:56:00,6.77546810291076e-05,2019-01-24 21:56:00
2019-01-24 21:57:00,0.00036812675892784405,2019-01-24 21:57:00
2019-01-24 21:58:00,2.4548903875083056e-05,2019-01-24 21:58:00
2019-01-24 21:59:00,8.718155456109146e-05,2019-01-24 21:59:00
2019-01-24 22:00:00,0.00016025539936859943,2019-01-24 22:00:00
2019-01-24 22:01:00,1.4772837999479064e-05,2019-01-24 22:01:00
2019-01-24 22:02:00,1.17207028182266,2019-01-24 22:02:00
2019-01-24 22:03:00,146.3342401505849,2019-01-24 22:03:00
2019-01-24 22:04:00,1124.8286197844295,2019-01-24 22:04:00
2019-01-24 22:05:00,963.3586867676112,2019-01-24 22:05:00
2019-01-24 22:06:00,40.70178974718013,2019-01-24 22:06:00
2019-01-24 22:07:00,19.53320313439172,2019-01-24 22:07:00
2019-01-24 22:08:00,1987.629414647933,2019-01-24 22:08:00
2019-01-24 22:09:00,298.30557236861176,2019-01-24 22:09:00
2019-01-24 22:10:00,280.5231490677081,2019-01-24 22:10:00
2019-01-24 22:11:00,0.05000589286956448,2019-01-24 22:11:00
2019-01-24 22:12:00,0.04934658709362263,2019-01-24 22:12:00
2019-01-24 22:13:00,0.04812657252292931,2019-01-24 22:13:00
2019-01-24 22:14:00,0.05080637711481393,2019-01-24 22:14:00
2019-01-24 22:15:00,0.051051807972214154,2019-01-24 22:15:00
2019-01-24 22:16:00,7.273551433606065e-06,2019-01-24 22:16:00
2019-01-24 22:17:00,3.4231746581269625e-06,2019-01-24 22:17:00
2019-01-24 22:18:00,3.094654375662496e-07,2019-01-24 22:18:00
2019-01-24 22:19:00,1.8980612571723044e-09,2019-01-24 22:19:00
2019-01-24 22:20:00,8.715242221488637e-05,2019-01-24 22:20:00
2019-01-24 22:21:00,1.9705836990232482e-05,2019-01-24 22:21:00
2019-01-24 22:22:00,0.00011085093708077405,2019-01-24 22:22:00
2019-01-24 22:23:00,7.467704659426326e-06,2019-01-24 22:23:00
2019-01-24 22:24:00,3.4754113227617975e-05,2019-01-24 22:24:00
2019-01-24 22:25:00,4.068837661432101e-05,2019-01-24 22:25:00
2019-01-24 22:26:00,2.460825764325917e-07,2019-01-24 22:26:00
2019-01-24 22:27:00,6.613358582683645e-05,2019-01-24 22:27:00
2019-01-24 22:28:00,6.771117621985142e-06,2019-01-24 22:28:00
2019-01-24 22:29:00,1.7580155999028017e-05,2019-01-24 22:29:00
2019-01-24 22:30:00,3.035553823460895e-06,2019-01-24 22:30:00
2019-01-24 22:31:00,2.0138892428975832e-07,2019-01-24 22:31:00
2019-01-24 22:32:00,1.3003331635895267e-05,2019-01-24 22:32:00
2019-01-24 22:33:00,2.6567710951581184e-05,2019-01-24 22:33:00
2019-01-24 22:34:00,6.207280650213149e-06,2019-01-24 22:34:00
2019-01-24 22:35:00,4.947290243919262e-05,2019-01-24 22:35:00
2019-01-24 22:36:00,0.00013700113121502491,2019-01-24 22:36:00
2019-01-24 22:37:00,1.3503883515891828,2019-01-24 22:37:00
2019-01-24 22:48:00,0.05289505502988895,2019-01-24 22:48:00
2019-01-24 22:49:00,0.056417273101998656,2019-01-24 22:49:00
2019-01-24 22:50:00,0.053597408951476806,2019-01-24 22:50:00
2019-01-24 22:51:00,1.2044762732211027e-05,2019-01-24 22:51:00
2019-01-24 22:52:00,1.9224403717113137e-06,2019-01-24 22:52:00
2019-01-24 22:53:00,6.514972890715552e-06,2019-01-24 22:53:00
2019-01-24 22:54:00,1.571265186323238e-05,2019-01-24 22:54:00
2019-01-24 22:55:00,2.496682077389508e-05,2019-01-24 22:55:00
2019-01-24 22:56:00,1.3297478908198981e-05,2019-01-24 22:56:00
2019-01-24 22:57:00,4.703544014532493e-05,2019-01-24 22:57:00
2019-01-24 22:58:00,0.00037785174792864215,2019-01-24 22:58:00
2019-01-24 22:59:00,3.89649524978846e-05,2019-01-24 22:59:00
2019-01-24 23:00:00,2.8383609613982304e-06,2019-01-24 23:00:00
2019-01-24 23:01:00,5.636075136098268e-06,2019-01-24 23:01:00
2019-01-24 23:02:00,4.319812912638436e-06,2019-01-24 23:02:00
2019-01-24 23:03:00,8.475918223145804e-05,2019-01-24 23:03:00
2019-01-24 23:04:00,2.942214811761872e-05,2019-01-24 23:04:00
2019-01-24 23:05:00,1.3948375559277014e-05,2019-01-24 23:05:00
2019-01-24 23:06:00,3.094313800872988e-05,2019-01-24 23:06:00
2019-01-24 23:07:00,1.0167322453435741e-05,2019-01-24 23:07:00
2019-01-24 23:08:00,1.4546119124897144e-05,2019-01-24 23:08:00
2019-01-24 23:09:00,4.782705510518117e-05,2019-01-24 23:09:00
2019-01-24 23:10:00,1.801876126082011e-06,2019-01-24 23:10:00
2019-01-24 23:11:00,1.6956116149549422e-05,2019-01-24 23:11:00
2019-01-24 23:12:00,0.00015965204833856008,2019-01-24 23:12:00
2019-01-24 23:13:00,3.047754360624507e-05,2019-01-24 23:13:00
2019-01-24 23:14:00,3.0741846550912204e-06,2019-01-24 23:14:00
2019-01-24 23:15:00,5.067842050151924e-06,2019-01-24 23:15:00
2019-01-24 23:16:00,4.960471224439164e-05,2019-01-24 23:16:00
2019-01-24 23:17:00,4.35065878074784e-06,2019-01-24 23:17:00
2019-01-24 23:18:00,8.62568292768136e-05,2019-01-24 23:18:00
2019-01-24 23:19:00,2.098812037020887e-05,2019-01-24 23:19:00
2019-01-24 23:20:00,0.00037032325916544186,2019-01-24 23:20:00
2019-01-24 23:21:00,2.1311498231593436e-06,2019-01-24 23:21:00
2019-01-24 23:22:00,6.473154081624812e-05,2019-01-24 23:22:00
2019-01-24 23:23:00,2.774926823187175e-05,2019-01-24 23:23:00
2019-01-24 23:24:00,0.0001360194976797804,2019-01-24 23:24:00
2019-01-24 23:25:00,3.842574756348192e-06,2019-01-24 23:25:00
2019-01-24 23:26:00,2.1135657268437925e-05,2019-01-24 23:26:00
2019-01-24 23:27:00,4.667433700124509e-05,2019-01-24 23:27:00
2019-01-24 23:28:00,7.578602112742366e-05,2019-01-24 23:28:00
2019-01-24 23:29:00,2.312720763600014e-05,2019-01-24 23:29:00
2019-01-24 23:30:00,2.1247295098916576e-06,2019-01-24 23:30:00
2019-01-24 23:31:00,2.1407514807594236e-06,2019-01-24 23:31:00
2019-01-24 23:32:00,1.1855754128790137e-05,2019-01-24 23:32:00
2019-01-24 23:33:00,3.13882234231362e-08,2019-01-24 23:33:00
2019-01-24 23:34:00,3.949605584560876e-08,2019-01-24 23:34:00
2019-01-24 23:35:00,6.907990736280095e-08,2019-01-24 23:35:00
2019-01-24 23:36:00,2.225540996480902e-06,2019-01-24 23:36:00
2019-01-24 23:37:00,0.045057657669165356,2019-01-24 23:37:00
2019-01-24 23:39:00,0.11204888079293321,2019-01-24 23:39:00
2019-01-24 23:43:00,0.05906128823091928,2019-01-24 23:43:00
2019-01-24 23:44:00,0.40128366362874174,2019-01-24 23:44:00
2019-01-24 23:45:00,1.6946625472247505,2019-01-24 23:45:00
2019-01-24 23:46:00,0.001912738612296191,2019-01-24 23:46:00
2019-01-24 23:47:00,0.0018161328766283353,2019-01-24 23:47:00
2019-01-24 23:48:00,0.0024891973516573272,2019-01-24 23:48:00
2019-01-24 23:49:00,0.0021742490960639815,2019-01-24 23:49:00
2019-01-24 23:50:00,0.0014612024643424603,2019-01-24 23:50:00
2019-01-24 23:51:00,4.1912101600687615e-06,2019-01-24 23:51:00
2019-01-24 23:52:00,6.4497081472710415e-06,2019-01-24 23:52:00
2019-01-24 23:53:00,5.31615514099096e-07,2019-01-24 23:53:00
2019-01-24 23:54:00,7.3588037179728305e-06,2019-01-24 23:54:00
2019-01-24 23:55:00,1.1568904686404927e-06,2019-01-24 23:55:00
2019-01-24 23:56:00,9.66654186062903e-06,2019-01-24 23:56:00
2019-01-24 23:57:00,2.058382644143726e-05,2019-01-24 23:57:00
2019-01-24 23:58:00,5.917691926825577e-05,2019-01-24 23:58:00
2019-01-24 23:59:00,2.0392321751248795e-07,2019-01-24 23:59:00
